epoch soc_c npu_c ddr_c bigcore_c cpu_mhz npu_mhz volt_v
1787275025 54.5 53.6 53.6 56.4 2208 950 5.249
1787275026 58.2 58.2 58.2 59.2 2208 950 5.244
1787275027 61.9 61.9 61.0 62.8 2208 950 5.206
1787275028 63.8 63.8 62.8 64.7 2208 950 5.201
1787275029 64.7 64.7 63.8 65.6 2208 950 5.225
1787275030 64.7 64.7 63.8 65.6 2208 950 5.196
1787275031 64.7 64.7 64.7 66.5 2208 950 5.206
1787275033 66.5 65.6 65.6 68.4 2208 950 5.215
1787275034 66.5 66.5 65.6 68.4 2208 950 5.244
1787275035 66.5 66.5 65.6 67.5 2208 950 5.235
1787275036 67.5 67.5 66.5 68.4 2208 950 5.220
1787275037 67.5 67.5 67.5 68.4 2208 950 5.215
1787275038 68.4 67.5 66.5 69.3 2208 950 5.211
1787275039 68.4 68.4 67.5 70.2 2208 950 5.215
1787275041 68.4 68.4 68.4 70.2 2208 950 5.293
1787275042 69.3 69.3 68.4 70.2 2208 950 5.249
1787275043 69.3 69.3 68.4 71.2 2208 950 5.244
1787275044 70.2 70.2 69.3 71.2 2208 950 5.249
1787275045 70.2 69.3 69.3 70.2 2208 950 5.215
1787275046 70.2 70.2 70.2 72.1 2208 950 5.244
1787275047 70.2 70.2 69.3 71.2 2208 950 5.215
1787275049 70.2 70.2 70.2 71.2 2208 950 5.220
1787275050 71.2 71.2 70.2 73.0 2208 950 5.240
1787275051 71.2 71.2 70.2 73.0 2208 950 5.254
1787275052 72.1 71.2 71.2 73.0 2208 950 5.249
1787275053 71.2 71.2 70.2 72.1 2208 950 5.235
1787275054 72.1 72.1 71.2 73.0 2208 950 5.240
1787275055 72.1 72.1 72.1 73.9 2208 950 5.249
1787275057 72.1 72.1 71.2 73.9 2208 950 5.167
1787275058 73.0 72.1 72.1 73.9 2208 950 5.206
1787275059 72.1 72.1 72.1 73.9 2208 950 5.240
1787275060 73.0 73.0 72.1 74.8 2208 950 5.186
1787275061 73.9 73.0 73.0 74.8 2208 950 5.249
1787275062 73.9 73.9 73.0 75.8 2208 950 5.211
1787275063 73.9 73.0 73.0 73.9 2208 950 5.225
1787275064 73.9 73.0 72.1 74.8 2208 950 5.235
1787275066 73.9 73.9 73.0 74.8 2208 950 5.240
1787275067 74.8 73.9 73.9 74.8 2208 950 5.225
1787275068 73.9 73.0 73.0 75.8 2208 950 5.254
1787275069 74.8 74.8 73.9 75.8 2208 950 5.244
1787275070 74.8 73.9 73.9 75.8 2208 950 5.293
1787275071 74.8 74.8 73.9 75.8 2208 950 5.215
1787275072 74.8 74.8 73.9 75.8 2208 950 5.244
1787275073 75.8 74.8 74.8 76.7 2208 950 5.206
1787275075 75.8 75.8 75.8 77.6 2208 950 5.244
1787275076 75.8 75.8 75.8 77.6 2208 950 5.220
1787275077 76.7 75.8 75.8 77.6 2208 950 5.249
1787275078 76.7 75.8 75.8 77.6 2208 950 5.235
1787275079 76.7 75.8 75.8 77.6 2208 950 5.235
1787275080 76.7 76.7 75.8 77.6 2208 950 5.254
1787275081 76.7 76.7 75.8 77.6 2208 950 5.211
1787275082 76.7 76.7 76.7 78.5 2208 950 5.230
1787275084 76.7 76.7 75.8 78.5 2208 950 5.225
1787275085 77.6 76.7 76.7 79.5 2208 950 5.201
1787275086 73.0 72.1 72.1 73.9 2208 950 5.317
1787275087 75.8 74.8 74.8 76.7 2208 950 5.235
1787275088 76.7 74.8 74.8 77.6 2208 950 5.215
1787275089 76.7 76.7 75.8 78.5 2208 950 5.240
1787275090 77.6 76.7 76.7 78.5 2208 950 5.215
1787275091 77.6 77.6 76.7 78.5 2208 950 5.249
1787275093 77.6 77.6 76.7 78.5 2208 950 5.211
1787275094 78.5 78.5 77.6 79.5 2208 950 5.196
1787275095 77.6 76.7 76.7 79.5 2208 950 5.269
1787275096 77.6 77.6 76.7 79.5 2208 950 5.211
1787275097 78.5 77.6 77.6 79.5 2208 950 5.196
1787275098 78.5 78.5 77.6 80.4 2208 950 5.211
1787275099 78.5 78.5 77.6 80.4 2208 950 5.206
1787275101 78.5 77.6 77.6 80.4 2208 950 5.278
1787275102 79.5 78.5 78.5 80.4 2208 950 5.244
1787275103 79.5 78.5 78.5 80.4 2208 950 5.211
1787275104 78.5 78.5 78.5 80.4 2208 950 5.220
1787275105 79.5 78.5 78.5 80.4 2208 950 5.235
1787275106 79.5 79.5 78.5 81.3 2208 950 5.172
1787275107 79.5 78.5 78.5 80.4 2208 950 5.249
1787275108 79.5 79.5 78.5 80.4 2208 950 5.235
1787275110 79.5 79.5 78.5 80.4 2208 950 5.211
1787275111 79.5 78.5 78.5 81.3 2208 950 5.215
1787275112 80.4 79.5 79.5 81.3 2208 950 5.230
1787275113 80.4 80.4 79.5 81.3 2208 950 5.215
1787275114 81.3 80.4 80.4 82.2 2208 950 5.230
1787275115 81.3 80.4 80.4 83.2 2208 950 5.225
1787275116 80.4 80.4 79.5 81.3 2208 950 5.249
1787275117 80.4 80.4 79.5 82.2 2208 950 5.254
1787275119 80.4 80.4 79.5 82.2 2208 950 5.182
1787275120 81.3 80.4 80.4 82.2 2208 950 5.230
1787275121 81.3 81.3 80.4 82.2 2208 950 5.230
1787275122 81.3 81.3 80.4 83.2 2208 950 5.235
1787275123 81.3 81.3 81.3 83.2 2208 950 5.206
1787275124 81.3 81.3 80.4 83.2 2208 950 5.235
1787275125 81.3 80.4 80.4 82.2 2208 950 5.244
1787275127 81.3 81.3 80.4 82.2 2208 950 5.215
1787275128 81.3 81.3 80.4 83.2 2208 950 5.225
1787275129 82.2 81.3 81.3 84.1 2208 950 5.206
1787275130 81.3 81.3 81.3 82.2 2208 950 5.220
1787275131 82.2 81.3 81.3 82.2 2208 950 5.244
1787275132 81.3 81.3 80.4 82.2 2208 950 5.273
1787275133 82.2 82.2 81.3 84.1 2208 950 5.235
1787275135 82.2 81.3 81.3 83.2 2208 950 5.211
1787275136 82.2 82.2 81.3 84.1 2208 950 5.215
1787275137 82.2 82.2 81.3 84.1 2208 950 5.206
1787275138 82.2 81.3 81.3 83.2 2208 950 5.191
1787275139 82.2 81.3 81.3 83.2 2208 950 5.206
1787275140 83.2 82.2 82.2 84.1 2208 950 5.215
1787275141 82.2 82.2 81.3 84.1 2208 950 5.201
1787275142 83.2 82.2 82.2 84.1 2208 950 5.215
1787275144 83.2 82.2 82.2 85.0 2208 950 5.225
1787275145 83.2 82.2 82.2 84.1 2208 950 5.206
1787275146 83.2 83.2 82.2 84.1 2208 950 5.264
1787275147 80.4 78.5 78.5 80.4 2208 950 5.278
1787275148 81.3 81.3 80.4 81.3 2208 950 5.196
1787275149 83.2 83.2 82.2 85.0 2208 950 5.220
1787275150 83.2 83.2 82.2 84.1 2208 950 5.225
1787275151 83.2 82.2 82.2 84.1 2208 950 5.220
1787275153 83.2 82.2 82.2 84.1 2208 950 5.220
1787275154 83.2 82.2 82.2 84.1 2208 950 5.196
1787275155 83.2 83.2 82.2 85.0 2208 950 5.235
1787275156 83.2 83.2 83.2 84.1 2208 950 5.235
1787275157 84.1 83.2 83.2 85.0 2208 950 5.283
1787275158 83.2 83.2 83.2 85.0 2208 950 5.215
1787275159 83.2 83.2 82.2 84.1 2208 950 5.235
1787275160 83.2 83.2 82.2 85.0 2208 950 5.211
1787275161 84.1 83.2 83.2 85.0 2208 950 5.172
1787275163 84.1 83.2 83.2 85.0 2208 950 5.240
1787275164 84.1 83.2 83.2 85.0 2208 950 5.259
1787275165 84.1 83.2 83.2 85.0 2208 950 5.220
1787275166 84.1 84.1 84.1 85.0 2208 950 5.211
1787275167 84.1 84.1 83.2 85.0 2208 950 5.230
1787275168 84.1 83.2 83.2 85.9 2016 950 5.230
1787275169 84.1 83.2 83.2 85.0 2016 950 5.240
1787275170 84.1 84.1 83.2 85.9 2016 950 5.220
1787275172 85.0 84.1 83.2 85.9 2016 950 5.177
1787275173 85.0 84.1 84.1 85.9 2016 950 5.206
1787275174 84.1 84.1 84.1 85.0 2016 950 5.196
1787275175 84.1 83.2 83.2 85.0 2208 950 5.249
1787275176 85.0 84.1 83.2 85.0 2016 950 5.254
1787275177 84.1 84.1 83.2 85.9 2208 950 5.215
1787275178 84.1 83.2 84.1 85.0 2208 950 5.254
1787275180 85.0 84.1 84.1 85.9 2016 950 5.211
1787275181 85.0 85.0 84.1 85.9 2016 950 5.225
1787275182 85.0 84.1 84.1 85.9 2016 950 5.230
1787275183 85.0 85.0 84.1 85.9 2016 950 5.225
1787275184 84.1 84.1 84.1 85.0 2016 950 5.206
1787275185 85.0 84.1 84.1 85.9 2016 950 5.273
1787275186 85.0 84.1 84.1 85.0 2016 950 5.201
1787275188 85.0 85.0 84.1 85.9 2016 950 5.230
1787275189 85.0 84.1 84.1 85.9 2016 950 5.215
1787275190 85.0 85.0 84.1 85.9 2016 950 5.201
1787275191 85.0 85.0 84.1 85.9 2016 950 5.167
1787275192 85.0 85.0 84.1 85.9 2016 950 5.269
1787275193 85.0 85.0 84.1 85.9 2016 950 5.215
1787275194 85.0 85.0 84.1 85.9 2016 950 5.259
1787275195 85.0 85.0 84.1 85.9 2016 950 5.240
1787275197 85.0 85.0 84.1 85.9 2016 950 5.220
1787275198 85.0 85.0 84.1 85.0 2016 950 5.264
1787275199 85.0 84.1 84.1 85.9 2016 950 5.278
1787275200 84.1 84.1 84.1 85.0 2208 950 5.240
1787275201 84.1 84.1 84.1 85.0 2016 950 5.254
1787275202 85.0 85.0 84.1 85.9 2016 950 5.244
1787275203 85.0 85.0 84.1 85.9 2016 950 5.215
1787275205 85.0 84.1 84.1 85.9 1800 950 5.215
1787275206 85.0 84.1 84.1 85.0 2016 950 5.172
1787275207 85.0 85.0 84.1 85.9 1800 950 5.215
1787275208 83.2 82.2 82.2 83.2 2208 950 5.244
1787275209 84.1 83.2 83.2 85.0 2208 950 5.215
1787275210 85.0 85.0 84.1 86.8 2016 950 5.215
1787275211 85.0 85.0 84.1 85.9 2016 950 5.254
1787275212 85.0 85.0 84.1 85.9 1800 950 5.244
1787275213 85.0 85.0 84.1 85.9 1800 950 5.230
1787275215 85.0 84.1 84.1 85.0 1800 950 5.283
1787275216 84.1 84.1 84.1 85.9 2016 950 5.230
1787275217 85.9 85.0 85.0 86.8 1800 950 5.225
1787275218 84.1 84.1 84.1 85.9 2016 950 5.249
1787275219 85.9 85.0 84.1 85.9 1800 950 5.215
1787275220 85.0 85.0 84.1 85.0 1800 950 5.215
1787275221 85.9 85.0 84.1 85.0 2016 950 5.235
1787275223 85.9 85.0 85.0 85.9 1800 950 5.269
1787275224 85.0 85.9 85.0 85.9 1800 950 5.254
1787275225 85.0 85.0 85.0 85.9 1800 950 5.157
1787275226 85.0 85.9 85.0 85.9 1800 950 5.235
1787275227 85.0 84.1 84.1 85.0 1800 950 5.244
1787275228 85.0 85.0 85.0 85.9 1800 950 5.225
1787275229 85.0 85.0 84.1 85.9 1800 950 5.254
1787275231 85.9 85.9 84.1 85.9 1800 950 5.235
1787275232 85.0 85.0 85.0 85.9 1800 950 5.215
1787275233 85.9 85.0 85.0 85.9 1800 950 5.206
1787275234 85.9 85.0 84.1 85.9 1800 950 5.254
1787275235 85.9 85.0 85.0 85.9 1800 950 5.201
1787275236 85.0 85.0 84.1 85.9 1800 950 5.196
1787275237 85.0 85.0 84.1 85.9 1800 950 5.215
1787275239 85.9 85.0 84.1 85.9 1800 950 5.235
1787275240 85.0 85.0 85.0 85.9 1800 950 5.196
1787275241 85.0 85.0 84.1 85.9 1800 950 5.264
1787275242 85.9 85.0 85.0 85.9 1800 950 5.215
1787275243 85.0 85.9 85.0 85.9 1800 950 5.244
1787275244 85.9 85.0 85.0 85.9 1800 950 5.220
1787275245 85.9 85.0 85.0 85.9 1800 950 5.220
1787275247 85.9 85.0 85.0 85.9 1800 950 5.186
1787275248 85.0 85.0 84.1 85.9 1800 950 5.249
1787275249 85.0 85.0 84.1 85.9 2016 950 5.254
1787275250 85.0 85.0 84.1 85.9 1800 950 5.244
1787275251 85.0 85.0 84.1 85.9 1800 950 5.235
1787275252 85.0 85.9 85.0 85.0 1608 950 5.235
1787275253 85.0 85.9 85.0 85.9 1608 950 5.225
1787275254 85.0 85.9 85.0 85.9 1608 950 5.211
1787275256 85.9 85.0 85.0 85.9 1608 950 5.206
1787275257 85.9 85.0 85.0 85.9 1608 950 5.230
1787275258 85.0 85.0 84.1 85.9 1608 950 5.259
1787275259 85.0 85.0 84.1 85.0 1608 950 5.230
1787275260 85.0 85.0 85.0 85.9 1608 950 5.249
1787275261 85.0 85.0 85.0 85.0 1608 950 5.211
1787275262 85.0 84.1 84.1 85.0 1800 950 5.230
1787275264 85.0 85.0 84.1 85.9 1608 950 5.259
1787275265 85.0 85.0 84.1 85.9 1800 950 5.249
1787275266 85.9 85.0 85.0 85.9 1608 950 5.177
1787275267 85.0 85.0 84.1 85.9 1608 950 5.182
1787275268 85.9 85.9 85.0 85.9 1800 950 5.254
1787275269 81.3 79.5 79.5 81.3 2208 950 5.254
1787275270 85.0 85.0 84.1 85.9 1800 950 5.220
1787275272 85.0 85.0 85.0 85.9 1800 950 5.196
1787275273 85.0 85.0 85.0 85.9 1800 950 5.235
1787275274 85.9 85.9 85.0 85.9 1800 950 5.191
1787275275 85.9 85.0 85.0 85.9 1800 950 5.211
1787275276 85.0 84.1 84.1 85.0 1608 950 5.230
1787275277 85.0 85.0 85.0 85.9 1608 950 5.298
1787275278 85.0 85.0 85.0 85.9 1608 950 5.264
1787275279 85.9 85.9 85.0 85.9 1608 950 5.230
1787275281 85.0 85.0 84.1 85.9 1800 950 5.206
1787275282 85.9 85.9 85.0 86.8 1800 950 5.244
1787275283 85.9 85.9 85.0 85.9 1608 950 5.244
1787275284 85.0 85.9 85.0 85.9 1608 950 5.273
1787275285 85.0 85.0 85.0 85.9 1608 950 5.244
1787275286 85.9 85.9 85.0 85.9 1608 950 5.211
1787275288 85.0 85.0 85.0 85.9 1608 950 5.254
1787275289 85.0 85.0 85.0 85.9 1608 950 5.244
1787275290 85.0 85.0 85.0 85.9 1608 950 5.264
1787275291 85.0 85.0 85.0 85.9 1608 950 5.235
1787275292 85.0 85.0 84.1 85.0 1800 950 5.244
1787275293 85.0 85.9 85.0 85.9 1800 950 5.211
1787275294 85.9 85.0 85.0 85.9 1608 950 5.230
1787275296 85.0 84.1 84.1 85.0 1800 950 5.220
1787275297 85.9 85.9 85.0 85.9 1608 950 5.244
1787275298 85.9 85.0 85.0 85.9 1608 950 5.206
1787275299 85.9 85.9 85.0 85.9 1608 950 5.225
1787275300 85.9 85.0 85.0 85.9 1608 950 5.215
1787275301 85.0 85.0 85.0 85.9 1608 950 5.182
1787275302 85.0 85.0 84.1 85.9 1608 950 5.230
1787275304 85.0 85.0 84.1 85.9 1608 950 5.215
1787275305 85.0 84.1 84.1 85.9 1800 950 5.235
1787275306 85.9 85.9 85.0 86.8 1800 950 5.240
1787275307 85.9 85.0 85.0 85.9 1608 950 5.240
1787275308 85.0 85.0 85.0 85.9 1608 950 5.235
1787275309 85.9 85.9 85.0 85.9 1608 950 5.206
1787275310 85.9 85.9 85.0 85.9 1608 950 5.240
1787275312 85.0 85.0 85.0 85.9 1608 950 5.254
1787275313 85.0 85.9 85.0 85.9 1608 950 5.264
1787275314 85.0 84.1 84.1 85.0 2016 950 5.225
1787275315 85.9 85.9 85.0 86.8 1608 950 5.220
1787275316 85.9 85.0 85.0 85.9 1608 950 5.264
1787275317 85.9 85.9 85.0 85.9 1800 950 5.215
1787275318 85.9 85.0 85.0 85.0 1800 950 5.220
1787275320 85.9 85.0 84.1 85.9 1608 950 5.249
1787275321 85.0 85.0 84.1 85.9 1608 950 5.240
1787275322 85.9 85.9 85.0 85.9 1608 950 5.211
1787275323 85.0 85.0 84.1 85.9 1608 950 5.211
1787275324 85.9 85.0 85.0 85.9 1608 950 5.215
1787275325 85.0 85.0 85.0 85.9 1800 950 5.249
1787275326 85.9 85.9 85.0 85.9 1608 950 5.220
1787275328 85.0 85.0 85.0 85.9 1608 950 5.244
1787275329 85.0 85.0 84.1 85.9 1608 950 5.240
1787275330 85.9 85.0 85.0 85.9 1800 950 5.273
1787275331 79.5 78.5 78.5 79.5 2208 950 5.312
1787275332 80.4 79.5 79.5 81.3 2208 950 5.278
1787275333 85.0 84.1 83.2 85.9 2016 950 5.211
1787275334 85.0 85.0 84.1 85.9 1800 950 5.235
1787275335 85.0 85.0 84.1 85.9 2016 950 5.225
1787275337 85.9 85.0 84.1 85.0 1800 950 5.215
1787275338 85.0 85.0 84.1 85.0 2016 950 5.230
1787275339 85.0 85.9 85.0 85.9 1800 950 5.220
1787275340 85.9 85.9 85.0 85.9 1800 950 5.254
1787275341 85.9 85.0 85.0 85.9 1800 950 5.177
1787275342 85.9 85.0 85.0 85.9 1800 950 5.186
1787275343 85.9 85.0 84.1 85.9 1800 950 5.264
1787275344 85.0 85.0 84.1 85.0 1800 950 5.244
1787275346 85.9 85.0 85.0 85.9 1800 950 5.249
1787275347 85.9 85.0 84.1 85.9 1800 950 5.225
1787275348 85.9 85.9 85.0 86.8 1608 950 5.211
1787275349 85.9 85.9 85.0 85.9 1608 950 5.211
1787275350 85.9 85.9 85.0 85.9 1608 950 5.235
1787275351 85.9 85.9 84.1 85.0 1800 950 5.215
1787275352 85.0 85.0 84.1 85.0 2016 950 5.220
1787275353 85.9 85.9 85.0 86.8 1800 950 5.235
1787275355 85.9 85.0 85.0 85.9 1800 950 5.254
1787275356 85.9 85.9 85.0 86.8 1800 950 5.249
1787275357 85.9 85.9 85.0 85.9 1608 950 5.254
1787275358 85.9 85.9 85.0 85.9 1608 950 5.225
1787275359 85.9 85.9 85.0 85.9 1608 950 5.249
1787275360 85.9 85.9 85.0 85.9 1608 950 5.211
1787275362 85.9 85.9 85.0 85.9 1608 950 5.230
1787275363 85.0 85.0 84.1 85.9 1608 950 5.283
1787275364 85.9 85.0 85.0 86.8 1800 950 5.230
1787275365 85.9 85.0 85.0 85.9 1800 950 5.220
1787275366 85.9 85.0 85.0 85.9 1800 950 5.235
1787275367 85.9 85.9 85.0 85.9 1800 950 5.264
1787275368 85.9 85.9 85.0 86.8 1608 950 5.225
1787275369 85.9 85.0 85.0 85.9 1800 950 5.215
1787275371 85.9 85.0 85.0 85.9 1608 950 5.220
1787275372 85.9 85.9 85.0 85.9 1800 950 5.215
1787275373 85.0 85.0 85.0 85.9 1608 950 5.259
1787275374 85.9 85.0 85.0 85.9 1608 950 5.240
1787275375 85.9 85.0 85.0 85.9 1608 950 5.244
1787275376 85.9 85.9 85.0 85.9 1608 950 5.230
1787275377 85.9 85.0 85.0 85.9 1608 950 5.215
1787275379 85.9 85.0 84.1 85.0 1608 950 5.273
1787275380 85.9 85.9 85.0 85.9 1800 950 5.220
1787275381 85.9 85.9 85.0 85.9 1800 950 5.230
1787275382 85.9 85.9 85.0 85.9 1800 950 5.225
1787275383 85.9 85.9 85.0 85.9 1608 950 5.249
1787275384 85.9 85.0 84.1 85.9 1608 950 5.240
1787275385 85.9 85.9 85.0 85.9 1608 950 5.244
1787275387 85.9 85.9 85.0 85.9 1608 950 5.215
1787275388 85.9 85.9 85.0 85.9 1800 950 5.249
1787275389 85.0 85.0 85.0 85.0 1608 950 5.264
1787275390 85.0 85.0 84.1 85.9 1608 950 5.182
1787275391 85.9 85.0 85.0 85.9 1800 950 5.206
1787275392 85.9 85.9 85.0 85.9 1608 950 5.240
1787275393 82.2 82.2 81.3 84.1 2208 950 5.225
1787275394 85.0 85.9 85.0 85.9 1608 950 5.259
1787275395 85.0 85.0 85.0 85.9 1608 950 5.249
1787275397 85.9 85.0 85.0 85.9 1800 950 5.225
1787275398 85.9 85.9 85.0 85.9 1608 950 5.254
1787275399 85.9 85.9 85.0 85.9 1608 950 5.244
1787275400 85.9 85.9 85.0 85.9 1800 950 5.215
1787275401 85.0 85.9 85.0 85.9 1608 950 5.220
1787275402 85.9 85.9 85.0 85.9 1608 950 5.244
1787275403 85.9 85.0 85.0 85.9 1608 950 5.235
1787275405 85.9 85.9 85.0 85.9 1608 950 5.196
1787275406 85.9 85.9 85.0 85.9 1608 950 5.244
1787275407 85.9 85.9 85.0 85.9 1800 950 5.254
1787275408 85.0 85.0 84.1 85.9 1608 950 5.249
1787275409 85.9 85.0 85.0 85.9 1608 950 5.273
1787275410 85.0 85.9 85.0 85.9 1608 950 5.254
1787275411 85.0 85.0 85.0 85.9 1608 950 5.211
1787275413 85.9 85.0 85.0 85.9 1608 950 5.186
1787275414 85.9 85.0 84.1 85.0 1800 950 5.254
1787275415 85.9 85.9 85.0 85.9 1608 950 5.264
1787275416 85.9 85.9 85.0 85.9 1608 950 5.254
1787275417 85.9 85.9 85.0 85.9 1608 950 5.201
1787275418 85.9 85.9 85.9 85.9 1608 950 5.230
1787275419 85.0 85.0 85.0 85.9 1800 950 5.235
1787275420 85.9 85.9 85.0 85.9 1608 950 5.249
1787275422 85.0 85.9 85.0 85.9 1608 950 5.230
1787275423 85.0 85.9 85.0 85.9 1608 950 5.235
1787275424 85.9 85.0 84.1 85.9 1608 950 5.235
1787275425 85.0 85.0 84.1 85.9 1608 950 5.220
1787275426 85.0 85.0 84.1 85.9 1608 950 5.264
1787275427 85.9 85.0 85.0 85.9 1608 950 5.225
1787275428 85.9 85.9 85.0 85.9 1608 950 5.196
1787275429 85.9 85.9 85.0 85.9 1608 950 5.254
1787275431 85.0 85.0 85.0 85.9 1608 950 5.244
1787275432 85.9 85.9 85.0 85.9 1608 950 5.269
1787275433 85.9 85.9 85.0 85.9 1608 950 5.240
1787275434 85.9 85.0 85.0 85.9 1608 950 5.230
1787275435 85.0 85.0 85.0 85.0 1800 950 5.235
1787275436 85.9 85.9 85.0 85.9 1608 950 5.235
1787275437 85.9 85.0 85.0 85.9 1800 950 5.240
1787275439 85.9 85.0 85.0 85.0 1800 950 5.264
1787275440 85.0 85.0 85.0 85.9 1608 950 5.254
1787275441 85.9 85.9 85.0 85.9 1608 950 5.249
1787275442 85.9 85.9 85.0 85.0 1608 950 5.240
1787275443 85.9 85.0 84.1 85.9 1608 950 5.206
1787275444 85.9 85.9 85.0 85.9 1608 950 5.230
1787275445 85.0 85.0 85.0 85.9 1800 950 5.244
1787275446 85.9 85.0 84.1 85.9 1800 950 5.312
1787275447 85.0 85.9 85.0 85.0 1608 950 5.235
1787275449 85.9 85.0 84.1 85.9 1608 950 5.249
1787275450 85.0 85.9 85.0 85.9 1608 950 5.240
1787275451 85.0 84.1 84.1 85.0 1800 950 5.230
1787275452 85.9 85.0 85.0 85.9 1608 950 5.211
1787275453 85.9 85.9 85.0 85.9 1608 950 5.240
1787275454 81.3 79.5 80.4 81.3 2208 950 5.278
1787275455 85.0 84.1 84.1 85.9 2016 950 5.182
1787275456 85.9 85.9 85.0 85.9 1608 950 5.230
1787275457 85.9 86.8 85.0 85.9 1608 950 5.230
1787275459 85.9 85.9 85.9 85.9 1608 950 5.240
1787275460 85.9 85.0 85.0 85.9 1608 950 5.201
1787275461 85.9 85.0 85.0 85.9 1608 950 5.196
1787275462 85.9 85.9 85.0 85.9 1608 950 5.211
1787275463 85.9 85.9 85.0 85.9 1608 950 5.254
1787275464 85.9 85.9 85.0 85.9 1608 950 5.225
1787275465 85.9 85.9 85.0 85.9 1608 950 5.196
1787275467 85.9 85.0 85.0 85.9 1608 950 5.206
1787275468 85.0 85.0 85.0 85.9 1608 950 5.196
1787275469 85.9 85.9 85.0 85.9 1608 950 5.249
1787275470 85.0 85.0 85.0 85.9 1800 950 5.264
1787275471 85.9 85.9 85.0 85.9 1608 950 5.264
1787275472 85.0 84.1 84.1 85.0 1800 950 5.235
1787275473 85.9 85.0 84.1 85.9 1608 950 5.215
1787275474 85.0 85.9 85.0 85.9 1800 950 5.240
1787275476 85.0 85.0 85.0 85.9 1800 950 5.215
1787275477 85.9 85.0 85.0 85.9 1608 950 5.254
1787275478 85.0 85.0 84.1 85.9 1800 950 5.186
1787275479 85.0 85.0 85.0 85.0 1800 950 5.273
1787275480 85.0 84.1 84.1 85.9 1800 950 5.211
1787275481 85.0 85.0 85.0 85.9 1800 950 5.201
1787275482 85.0 85.0 84.1 85.0 1800 950 5.254
1787275483 85.0 85.0 85.0 85.9 1608 950 5.215
1787275485 85.0 85.9 85.0 85.0 1800 950 5.235
1787275486 85.0 85.0 85.0 85.9 1800 950 5.273
1787275487 85.0 85.0 84.1 85.0 1608 950 5.254
1787275488 85.9 85.0 85.0 85.9 1608 950 5.186
1787275489 85.0 85.0 85.0 85.9 1800 950 5.254
1787275490 85.9 85.9 85.0 85.0 1800 950 5.240
1787275491 85.0 85.0 84.1 85.9 1608 950 5.220
1787275492 85.0 85.0 84.1 85.9 1608 950 5.230
1787275493 85.9 85.0 85.0 85.0 1800 950 5.240
1787275495 85.0 85.9 85.0 85.9 1608 950 5.225
1787275496 85.0 85.0 85.0 85.0 1800 950 5.215
1787275497 85.0 85.9 85.0 85.9 1608 950 5.235
1787275498 85.0 84.1 84.1 85.0 1800 950 5.244
1787275499 85.0 85.0 84.1 85.0 1800 950 5.240
1787275500 85.0 85.0 84.1 85.0 1800 950 5.269
1787275501 85.0 85.9 85.0 85.9 1800 950 5.230
1787275502 85.0 85.0 85.0 85.0 1800 950 5.240
1787275503 85.0 85.0 84.1 85.0 1800 950 5.220
1787275505 85.0 85.0 85.0 85.9 1608 950 5.230
1787275506 85.0 84.1 84.1 85.0 1800 950 5.249
1787275507 85.9 85.0 85.0 85.9 1608 950 5.244
1787275508 85.0 85.0 84.1 85.9 1800 950 5.240
1787275509 85.0 85.9 85.0 85.9 1608 950 5.211
1787275510 85.0 85.0 84.1 85.9 1608 950 5.220
1787275511 85.0 85.0 85.0 85.0 1608 950 5.235
1787275512 85.9 85.9 85.0 85.9 1608 950 5.225
1787275514 85.9 85.0 84.1 85.9 1608 950 5.206
1787275515 85.9 85.0 85.0 85.0 1608 950 5.288
1787275516 83.2 82.2 82.2 84.1 2208 950 5.225
1787275517 85.0 85.0 85.0 85.9 1800 950 5.225
1787275518 85.9 85.9 85.0 85.9 1608 950 5.206
1787275519 85.9 85.9 85.0 85.9 1608 950 5.230
1787275520 85.9 85.9 85.0 85.9 1608 950 5.220
1787275521 85.9 85.0 85.0 85.0 1800 950 5.244
1787275522 85.9 85.9 85.0 85.9 1608 950 5.230
1787275524 85.0 85.0 85.0 85.9 1608 950 5.273
1787275525 85.9 85.9 85.0 85.9 1800 950 5.235
1787275526 85.9 85.9 85.0 85.9 1608 950 5.211
1787275527 85.0 85.9 85.0 85.9 1800 950 5.235
1787275528 85.0 85.0 85.0 85.0 1800 950 5.240
1787275529 85.9 85.9 85.0 85.9 1608 950 5.249
1787275530 85.0 85.0 85.0 85.9 1800 950 5.230
1787275531 85.9 85.0 85.0 85.9 1800 950 5.235
1787275533 85.9 85.9 85.0 85.9 1608 950 5.240
1787275534 85.0 85.0 85.0 85.0 1608 950 5.273
1787275535 85.9 85.9 85.0 85.9 1608 950 5.235
1787275536 85.9 85.9 85.0 85.9 1608 950 5.259
1787275537 85.9 85.0 85.0 85.9 1800 950 5.264
1787275538 85.9 85.9 85.0 85.0 1608 950 5.244
1787275539 85.0 85.0 85.0 85.9 1800 950 5.244
1787275540 85.9 85.0 85.0 85.9 1608 950 5.244
1787275541 85.9 85.9 85.0 85.9 1608 950 5.249
1787275543 85.9 85.9 85.0 85.9 1608 950 5.235
1787275544 85.9 85.9 85.0 85.9 1608 950 5.211
1787275545 85.9 85.9 85.0 85.9 1608 950 5.244
1787275546 85.9 85.9 85.0 85.9 1608 950 5.244
1787275547 85.9 85.0 85.0 85.9 1608 950 5.264
1787275548 85.0 85.9 85.0 85.9 1608 950 5.249
1787275549 85.0 85.9 85.0 85.9 1608 950 5.235
1787275550 85.0 85.0 85.0 85.9 1608 950 5.201
1787275552 85.9 85.9 85.0 85.9 1608 950 5.225
1787275553 85.9 85.9 85.0 85.9 1608 950 5.244
1787275554 85.9 85.9 85.0 85.9 1416 950 5.273
1787275555 85.0 85.9 85.0 85.9 1416 950 5.249
1787275556 85.0 85.9 85.0 85.9 1608 950 5.211
1787275557 85.9 85.9 85.0 85.9 1608 950 5.215
1787275558 85.0 85.0 85.0 85.9 1608 950 5.249
1787275559 85.0 85.9 85.0 85.9 1608 950 5.240
1787275561 85.0 85.9 85.0 85.9 1416 950 5.264
1787275562 85.9 85.0 85.0 85.9 1608 950 5.249
1787275563 85.9 85.9 85.0 85.9 1416 950 5.211
1787275564 85.0 85.0 85.0 85.0 1416 950 5.177
1787275565 85.0 85.0 85.0 85.9 1608 950 5.220
1787275566 85.0 85.0 85.0 85.9 1608 950 5.235
1787275567 85.0 85.0 85.0 85.9 1416 950 5.225
1787275568 85.9 85.9 85.0 85.9 1416 950 5.273
1787275570 85.0 85.0 85.0 85.0 1608 950 5.240
1787275571 85.9 85.0 85.0 85.0 1800 950 5.244
1787275572 85.9 85.9 85.0 85.9 1608 950 5.196
1787275573 85.0 85.9 85.0 85.9 1608 950 5.235
1787275574 85.9 85.9 85.0 85.9 1608 950 5.235
1787275575 85.9 85.9 85.0 85.9 1608 950 5.225
1787275576 84.1 83.2 83.2 84.1 2016 950 5.259
1787275577 84.1 83.2 83.2 85.0 2208 950 5.220
1787275579 85.9 85.0 85.0 85.9 1800 950 5.235
1787275580 85.9 85.0 85.0 85.0 1416 950 5.235
1787275581 85.9 85.0 85.0 85.9 1416 950 5.249
1787275582 85.9 85.9 85.0 85.9 1416 950 5.240
1787275583 85.0 85.0 85.0 85.9 1608 950 5.254
1787275584 85.9 85.9 85.0 85.9 1608 950 5.240
1787275585 85.0 85.9 85.0 85.9 1608 950 5.254
1787275586 85.9 85.9 85.0 85.9 1608 950 5.230
1787275587 85.9 85.9 85.0 85.9 1608 950 5.225
1787275589 85.0 85.0 85.0 85.9 1608 950 5.230
1787275590 85.0 85.9 85.0 85.0 1608 950 5.225
1787275591 85.0 85.0 85.0 85.9 1608 950 5.235
1787275592 85.0 85.9 85.0 85.9 1608 950 5.254
1787275593 85.9 85.9 85.0 85.9 1416 950 5.225
1787275594 85.0 85.0 85.0 85.9 1608 950 5.249
1787275595 85.0 85.9 85.0 85.0 1608 950 5.249
1787275596 85.9 85.0 85.0 85.0 1608 950 5.235
1787275598 85.9 85.9 85.0 85.9 1416 950 5.240
1787275599 85.0 85.0 84.1 85.0 1608 950 5.225
1787275600 85.0 85.0 85.0 85.9 1608 950 5.211
1787275601 85.0 85.0 85.0 85.9 1608 950 5.264
1787275602 85.0 85.0 85.0 85.9 1608 950 5.211
1787275603 85.9 85.9 85.0 85.9 1416 950 5.254
1787275604 85.0 85.0 84.1 85.0 1608 950 5.235
1787275605 85.0 85.9 85.0 85.9 1416 950 5.240
1787275607 85.0 85.0 85.0 85.9 1416 950 5.211
1787275608 85.9 85.9 85.0 85.9 1608 950 5.230
1787275609 85.9 85.9 85.0 86.8 1608 950 5.240
1787275610 85.9 85.9 85.0 85.9 1608 950 5.215
1787275611 85.9 85.9 85.0 85.9 1608 950 5.249
1787275612 85.9 85.9 85.0 85.9 1416 950 5.220
1787275613 85.9 85.9 85.0 85.9 1416 950 5.235
1787275615 85.9 85.0 85.0 85.9 1416 950 5.254
1787275616 85.0 85.0 84.1 85.0 1608 950 5.240
1787275617 85.0 85.0 84.1 85.9 1608 950 5.249
1787275618 85.0 85.0 85.0 85.9 1416 950 5.269
1787275619 85.9 85.9 85.0 85.9 1608 950 5.235
1787275620 85.9 85.9 85.0 85.9 1608 950 5.249
1787275621 85.0 85.9 85.0 85.9 1608 950 5.240
1787275622 85.0 85.0 85.0 85.9 1608 950 5.244
1787275624 85.9 85.0 85.0 85.9 1608 950 5.273
1787275625 85.9 85.9 85.0 85.9 1608 950 5.254
1787275626 85.9 85.9 85.0 85.9 1608 950 5.240
1787275627 85.9 85.0 85.0 85.0 1800 950 5.225
1787275628 85.0 85.0 85.0 85.9 1608 950 5.259
1787275629 85.9 85.9 85.0 85.9 1608 950 5.240
1787275630 85.0 85.0 85.0 85.9 1608 950 5.259
1787275631 85.9 85.9 85.0 85.9 1800 950 5.235
1787275632 85.9 85.0 85.0 85.9 1608 950 5.259
1787275634 85.0 85.9 85.0 85.0 1800 950 5.215
1787275635 85.9 85.9 85.0 85.9 1608 950 5.269
1787275636 85.0 85.0 84.1 85.9 1608 950 5.240
1787275637 85.9 85.9 85.0 85.0 1608 950 5.235
1787275638 80.4 78.5 79.5 81.3 2208 950 5.278
1787275639 79.5 77.6 78.5 79.5 2208 950 5.254
1787275640 84.1 84.1 83.2 85.9 2016 950 5.273
1787275641 85.9 85.0 85.0 85.9 1800 950 5.269
1787275642 85.9 85.9 85.0 86.8 1608 950 5.244
1787275644 85.0 85.0 84.1 85.0 1608 950 5.211
1787275645 85.0 85.9 85.0 85.9 1608 950 5.230
1787275646 85.9 85.9 85.0 85.9 1608 950 5.211
1787275647 85.9 85.9 85.0 85.9 1608 950 5.215
1787275648 85.9 85.9 85.0 85.9 1608 950 5.264
1787275649 85.9 85.9 85.0 85.9 1608 950 5.264
1787275650 85.9 85.9 85.0 86.8 1608 950 5.215
1787275652 85.0 85.9 85.0 85.9 1416 950 5.249
1787275653 85.0 85.9 85.0 85.9 1608 950 5.230
1787275654 85.0 85.0 84.1 85.9 1608 950 5.273
1787275655 85.0 85.0 85.0 85.9 1608 950 5.249
1787275656 85.0 85.0 85.0 85.9 1608 950 5.254
1787275657 85.9 85.0 85.0 85.9 1608 950 5.244
1787275658 85.9 85.9 85.0 85.9 1608 950 5.264
1787275659 85.9 85.0 84.1 85.9 1608 950 5.240
1787275661 85.9 85.9 85.0 85.9 1608 950 5.240
1787275662 85.0 85.0 84.1 85.9 1800 950 5.225
1787275663 85.0 84.1 84.1 85.9 1608 950 5.211
1787275664 85.9 85.9 85.0 85.9 1608 950 5.254
1787275665 85.0 85.9 85.0 85.0 1608 950 5.259
1787275666 85.0 85.0 84.1 85.9 1800 950 5.269
1787275667 85.0 85.0 85.0 85.9 1608 950 5.240
1787275668 85.0 85.0 84.1 85.9 1800 950 5.240
1787275669 85.0 85.0 84.1 85.9 1800 950 5.230
1787275671 85.0 85.0 85.0 85.9 1800 950 5.269
1787275672 85.9 85.0 85.0 85.9 1800 950 5.215
1787275673 85.0 85.0 84.1 85.9 1800 950 5.235
1787275674 85.9 85.9 85.0 86.8 1800 950 5.206
1787275675 85.9 85.9 85.0 85.9 1608 950 5.230
1787275676 85.9 85.0 84.1 85.9 1800 950 5.249
1787275677 85.9 85.9 85.0 85.9 1608 950 5.186
1787275678 85.0 85.0 85.0 85.9 1800 950 5.259
1787275679 85.0 85.0 85.0 85.0 1800 950 5.230
1787275681 85.0 85.0 84.1 85.0 1800 950 5.225
1787275682 85.9 85.9 85.0 85.9 1608 950 5.235
1787275683 85.0 85.9 85.0 85.9 1800 950 5.220
1787275684 85.0 85.9 85.0 85.9 1608 950 5.235
1787275685 85.0 85.0 85.0 85.9 1800 950 5.220
1787275686 85.0 85.0 85.0 85.9 1608 950 5.211
1787275687 85.0 85.0 84.1 85.0 1608 950 5.215
1787275688 85.0 85.0 84.1 85.0 1800 950 5.215
1787275690 85.0 85.0 84.1 85.0 1608 950 5.254
1787275691 85.0 84.1 84.1 85.0 1800 950 5.225
1787275692 85.0 85.9 85.0 85.9 1800 950 5.201
1787275693 85.9 85.9 85.0 85.9 1800 950 5.240
1787275694 85.9 85.0 85.0 85.0 1800 950 5.249
1787275695 85.0 85.9 85.0 85.9 1800 950 5.215
1787275696 85.0 85.0 84.1 85.9 1800 950 5.249
1787275697 85.9 85.9 85.0 85.9 1800 950 5.254
1787275698 85.0 85.0 84.1 85.9 1800 950 5.254
1787275700 85.9 85.9 85.0 85.9 1800 950 5.230
1787275701 83.2 83.2 82.2 85.0 2208 950 5.215
1787275702 85.9 85.9 85.0 86.8 1800 950 5.206
1787275703 85.9 85.9 85.0 85.9 1608 950 5.196
1787275704 85.0 84.1 84.1 85.0 1800 950 5.235
1787275705 85.0 85.0 84.1 85.0 1800 950 5.230
1787275706 85.0 85.0 85.0 85.9 1800 950 5.235
1787275707 85.9 85.0 85.0 85.9 1608 950 5.254
1787275708 85.0 85.0 85.0 85.9 1608 950 5.259
1787275710 85.9 85.0 85.0 85.0 1608 950 5.249
1787275711 85.9 85.9 85.0 85.9 1800 950 5.215
1787275712 85.9 85.0 85.0 85.0 1800 950 5.225
1787275713 85.0 85.0 84.1 85.9 1800 950 5.225
1787275714 85.0 85.0 84.1 85.9 1800 950 5.264
1787275715 85.0 85.0 84.1 85.0 2016 950 5.191
1787275716 85.0 85.9 85.0 85.9 1800 950 5.249
1787275717 85.0 85.0 84.1 85.9 1800 950 5.206
1787275718 85.9 85.9 85.0 85.0 1800 950 5.240
1787275720 85.0 85.0 85.0 85.9 1800 950 5.235
1787275721 85.9 85.9 85.0 85.9 1800 950 5.220
1787275722 85.0 85.9 85.0 85.9 1800 950 5.220
1787275723 85.0 85.9 85.0 85.9 1800 950 5.215
1787275724 85.0 84.1 84.1 85.9 1800 950 5.273
1787275725 85.0 85.0 85.0 85.9 1800 950 5.254
1787275726 85.0 85.9 85.0 85.9 1800 950 5.259
1787275727 85.9 85.0 85.0 85.0 2016 950 5.264
1787275728 85.0 85.9 85.0 85.9 1800 950 5.283
1787275729 85.9 85.9 85.0 85.9 1800 950 5.230
1787275731 85.0 85.9 85.0 85.9 1800 950 5.220
1787275732 85.0 85.0 84.1 85.9 1608 950 5.240
1787275733 85.0 85.0 85.0 85.9 1608 950 5.220
1787275734 85.0 84.1 84.1 85.0 1800 950 5.230
1787275735 85.9 85.0 85.0 85.9 1800 950 5.230
1787275736 85.0 85.0 84.1 85.9 1800 950 5.254
1787275737 85.0 85.0 84.1 85.9 1800 950 5.235
1787275738 85.9 85.9 85.0 85.9 1800 950 5.235
1787275740 85.0 85.0 84.1 85.9 1800 950 5.211
1787275741 85.0 85.0 85.0 85.0 1800 950 5.240
1787275742 85.9 85.9 85.0 85.9 1800 950 5.249
1787275743 85.0 85.0 84.1 85.9 1800 950 5.230
1787275744 85.9 85.0 85.0 85.9 1800 950 5.249
1787275745 85.9 85.9 85.0 85.9 1800 950 5.244
1787275746 85.0 85.9 85.0 85.9 1800 950 5.244
1787275747 85.0 85.9 85.0 85.9 1800 950 5.240
1787275748 85.0 85.0 85.0 85.9 1800 950 5.225
1787275750 85.9 85.9 85.0 85.9 1800 950 5.235
1787275751 85.9 85.9 85.0 85.9 1800 950 5.220
1787275752 85.9 85.0 85.0 85.9 1800 950 5.240
1787275753 85.0 85.0 84.1 85.9 1800 950 5.240
1787275754 85.9 85.0 85.0 85.9 1800 950 5.225
1787275755 85.9 85.0 85.0 85.9 1800 950 5.230
1787275756 85.9 85.9 85.0 85.9 1800 950 5.211
1787275757 85.0 85.0 84.1 85.0 2016 950 5.230
1787275758 85.0 85.0 85.0 85.9 1800 950 5.240
1787275760 85.9 85.9 85.0 85.9 1608 950 5.264
1787275761 85.9 85.9 85.0 85.0 1608 950 5.201
1787275762 82.2 82.2 82.2 84.1 2208 950 5.235
1787275763 85.9 85.0 85.0 85.9 1800 950 5.254
1787275764 85.9 85.0 85.0 85.9 1800 950 5.240
1787275765 85.9 85.9 85.0 85.9 1608 950 5.206
1787275766 85.9 85.9 85.0 85.9 1608 950 5.201
1787275767 85.0 85.0 85.0 85.9 1800 950 5.254
1787275768 85.9 85.9 85.0 85.9 1608 950 5.191
1787275770 85.9 85.9 85.0 85.9 1608 950 5.220
1787275771 85.9 85.9 85.0 85.9 1800 950 5.249
1787275772 85.9 85.0 85.0 85.9 1800 950 5.235
1787275773 85.0 85.0 85.0 85.9 1800 950 5.201
1787275774 85.0 85.0 84.1 85.9 1800 950 5.264
1787275775 85.0 85.0 84.1 85.9 1800 950 5.264
1787275776 85.0 85.0 85.0 85.9 1800 950 5.254
1787275777 85.0 85.0 84.1 85.9 1800 950 5.273
1787275779 85.9 85.9 85.0 85.9 1800 950 5.264
1787275780 85.9 85.0 85.0 85.9 1800 950 5.240
1787275781 85.0 85.9 85.0 85.9 1800 950 5.230
1787275782 85.9 85.9 85.0 85.9 1800 950 5.249
1787275783 85.0 85.0 85.0 85.9 1800 950 5.225
1787275784 85.9 85.9 85.0 85.9 1800 950 5.215
1787275785 85.9 85.9 85.0 85.9 1800 950 5.259
1787275786 85.0 85.0 85.0 85.9 1800 950 5.254
1787275787 85.0 85.0 84.1 85.9 1800 950 5.230
1787275789 85.0 85.9 85.0 85.9 1800 950 5.254
1787275790 85.0 85.0 85.0 85.9 1800 950 5.249
1787275791 85.0 85.9 85.0 85.9 2016 950 5.254
1787275792 85.9 85.9 85.0 85.9 1800 950 5.196
1787275793 85.9 85.0 85.0 85.9 1800 950 5.249
1787275794 85.0 85.9 85.0 85.9 1800 950 5.235
1787275795 85.9 85.9 85.0 85.9 1800 950 5.215
1787275796 85.9 85.9 85.0 85.9 1608 950 5.259
1787275797 85.9 85.0 85.0 85.9 1608 950 5.215
1787275799 85.0 85.0 84.1 85.0 1608 950 5.249
1787275800 85.9 85.0 85.0 85.9 1800 950 5.230
1787275801 85.0 85.0 85.0 85.9 1800 950 5.230
1787275802 85.9 85.0 85.0 85.0 1800 950 5.264
1787275803 85.9 85.0 85.0 85.9 1608 950 5.230
1787275804 85.9 85.0 85.0 85.9 1800 950 5.196
1787275805 85.9 85.9 85.0 85.9 1608 950 5.215
1787275806 85.9 85.0 85.0 85.9 1608 950 5.288
1787275807 85.0 85.0 85.0 85.9 1608 950 5.225
1787275809 85.0 85.0 85.0 85.9 1800 950 5.230
1787275810 85.0 85.0 85.0 85.0 1608 950 5.254
1787275811 85.0 85.0 85.0 85.0 1608 950 5.249
1787275812 85.9 85.0 85.0 85.9 1608 950 5.230
1787275813 85.0 85.9 85.0 85.9 1800 950 5.235
1787275814 85.0 85.0 85.0 85.9 1608 950 5.264
1787275815 85.9 85.0 85.0 85.9 1800 950 5.264
1787275816 85.0 85.0 85.0 85.9 1800 950 5.211
1787275818 85.9 85.9 85.0 85.0 1800 950 5.211
1787275819 85.9 85.0 85.0 85.0 1608 950 5.249
1787275820 85.9 85.9 85.0 85.9 1608 950 5.230
1787275821 85.9 85.9 85.0 85.9 1608 950 5.244
1787275822 85.9 85.9 85.0 85.9 1608 950 5.230
1787275823 85.0 85.0 84.1 85.0 2016 950 5.235
1787275824 85.9 85.9 85.0 86.8 1608 950 5.206
1787275825 85.9 85.9 85.0 85.9 1608 950 5.235
1787275827 85.0 85.0 85.0 85.9 1608 950 5.249
1787275828 85.9 85.9 85.0 85.9 1608 950 5.215
1787275829 85.0 85.0 85.0 85.9 1608 950 5.215
1787275830 85.9 85.0 85.0 85.9 1608 950 5.211
1787275831 85.9 85.0 85.0 85.9 1608 950 5.215
1787275832 85.0 85.0 85.0 85.9 1608 950 5.235
1787275833 85.0 85.9 85.0 85.9 1608 950 5.273
1787275834 85.0 85.0 85.0 85.9 1608 950 5.230
1787275836 85.9 85.0 85.0 85.9 1608 950 5.220
1787275837 85.9 85.0 85.0 85.9 1608 950 5.220
1787275838 85.0 85.0 84.1 85.9 1608 950 5.244
1787275839 85.9 85.0 85.0 85.0 1608 950 5.182
1787275840 85.9 85.9 85.0 85.9 1608 950 5.225
1787275841 85.9 85.9 85.0 85.9 1800 950 5.249
1787275842 85.9 85.0 85.0 85.9 1608 950 5.220
1787275843 85.9 85.9 85.0 85.9 1608 950 5.269
1787275844 85.9 85.9 85.0 85.9 1608 950 5.211
1787275846 85.9 85.9 85.0 85.9 1608 950 5.254
1787275847 85.9 85.9 85.0 85.9 1608 950 5.235
1787275848 85.9 85.0 85.0 85.9 1608 950 5.264
1787275849 85.9 85.9 85.0 85.9 1608 950 5.244
1787275850 85.9 85.0 85.0 85.9 1608 950 5.254
1787275851 85.9 85.9 85.0 85.9 1608 950 5.235
1787275852 85.9 85.9 85.0 85.9 1608 950 5.249
1787275853 85.9 85.9 85.0 85.9 1608 950 5.220
1787275855 85.9 85.9 85.0 85.9 1608 950 5.230
1787275856 85.0 85.0 85.0 85.9 1608 950 5.259
1787275857 85.9 85.9 85.0 85.9 1608 950 5.244
1787275858 85.9 85.9 85.0 85.0 1800 950 5.240
1787275859 85.0 85.9 85.0 85.0 1608 950 5.249
1787275860 85.9 85.9 85.0 85.9 1608 950 5.230
1787275861 85.0 85.0 84.1 85.0 1800 950 5.215
1787275862 85.9 85.0 85.0 85.9 1608 950 5.273
1787275864 85.9 85.9 85.0 85.9 1608 950 5.235
1787275865 85.0 85.9 85.0 85.9 1608 950 5.259
1787275866 85.9 85.0 85.0 85.9 1608 950 5.254
1787275867 85.0 85.9 85.0 85.9 1608 950 5.230
1787275868 85.9 85.9 85.0 85.9 1608 950 5.244
1787275869 85.0 85.0 85.0 85.9 1608 950 5.254
1787275870 85.0 85.0 85.0 85.9 1608 950 5.259
1787275871 85.9 85.0 85.0 85.0 1608 950 5.240
1787275872 85.9 85.0 85.0 85.9 1608 950 5.264
1787275874 85.9 85.9 85.0 85.9 1608 950 5.225
1787275875 85.9 85.0 85.0 85.9 1608 950 5.240
1787275876 85.9 85.9 85.0 85.9 1800 950 5.240
1787275877 85.9 85.9 85.0 85.9 1608 950 5.211
1787275878 85.9 85.9 85.0 85.0 1800 950 5.240
1787275879 85.9 85.9 85.0 85.0 1800 950 5.225
1787275880 85.0 84.1 84.1 85.0 1800 950 5.249
1787275881 85.0 84.1 84.1 85.0 1800 950 5.244
1787275882 85.0 85.0 84.1 85.0 1800 950 5.235
1787275884 83.2 81.3 81.3 83.2 2208 950 5.244
1787275885 85.0 85.0 84.1 85.9 2016 950 5.206
1787275886 85.9 85.9 85.0 85.9 1608 950 5.249
1787275887 85.9 85.9 85.0 85.9 1608 950 5.211
1787275888 85.9 85.9 85.0 85.9 1608 950 5.264
1787275889 85.0 85.0 85.0 85.9 1608 950 5.249
1787275890 85.0 85.0 85.0 85.9 1608 950 5.273
1787275891 85.9 85.0 85.0 85.9 1608 950 5.249
1787275893 85.0 85.0 85.0 85.9 1608 950 5.240
1787275894 85.9 85.0 85.0 85.9 1608 950 5.240
1787275895 85.0 85.0 85.0 85.9 1800 950 5.240
1787275896 85.9 85.9 85.0 85.9 1608 950 5.230
1787275897 85.9 85.9 85.0 85.9 1608 950 5.220
1787275898 85.9 85.9 85.0 85.9 1608 950 5.244
1787275899 85.9 85.0 85.0 85.0 1608 950 5.215
1787275900 85.9 85.9 85.0 85.0 1608 950 5.211
1787275901 85.9 85.0 85.0 85.9 1608 950 5.259
1787275902 85.9 85.9 85.0 85.9 1608 950 5.230
1787275904 85.0 85.9 85.0 85.9 1608 950 5.240
1787275905 85.9 85.9 85.0 85.9 1608 950 5.244
1787275906 85.9 85.9 85.0 85.9 1608 950 5.220
1787275907 85.9 85.0 85.0 85.0 1800 950 5.249
1787275908 85.0 85.9 85.0 85.9 1608 950 5.240
1787275909 85.0 85.9 85.0 85.9 1608 950 5.230
1787275910 85.9 85.0 85.0 85.9 1608 950 5.240
1787275911 85.9 85.0 85.0 85.9 1608 950 5.244
1787275913 85.0 85.9 85.0 85.9 1608 950 5.240
1787275914 85.9 85.0 85.0 85.9 1800 950 5.235
1787275915 85.9 85.0 85.0 85.9 1608 950 5.249
1787275916 85.9 85.0 85.0 85.9 1608 950 5.240
1787275917 85.9 85.9 85.0 85.9 1608 950 5.249
1787275918 85.9 85.9 85.0 85.9 1800 950 5.215
1787275919 85.0 85.0 85.0 85.9 1608 950 5.259
1787275920 85.9 85.9 85.0 85.9 1608 950 5.235
1787275921 85.0 85.0 85.0 85.0 1800 950 5.244
1787275923 85.0 85.0 85.0 85.0 1608 950 5.235
1787275924 85.0 85.0 85.0 85.0 1608 950 5.254
1787275925 85.0 85.0 85.0 85.9 1608 950 5.273
1787275926 85.0 85.0 85.0 85.0 1800 950 5.273
1787275927 85.0 85.0 85.0 85.0 1800 950 5.249
1787275928 85.0 85.0 84.1 85.9 1800 950 5.244
1787275929 85.9 85.9 85.0 85.9 1608 950 5.225
1787275930 85.0 85.0 84.1 85.0 1608 950 5.273
1787275931 85.0 85.0 85.0 85.0 1800 950 5.273
1787275933 85.0 85.0 84.1 85.0 1800 950 5.215
1787275934 85.0 85.9 85.0 85.9 1608 950 5.230
1787275935 85.0 85.9 85.0 85.0 1800 950 5.230
1787275936 85.9 85.9 85.0 85.9 1800 950 5.254
1787275937 85.0 85.0 84.1 85.9 1608 950 5.249
1787275938 85.9 85.0 84.1 85.0 1800 950 5.249
1787275939 85.0 85.9 85.0 85.9 1608 950 5.220
1787275940 85.0 85.0 85.0 85.9 1608 950 5.211
1787275941 85.0 85.9 85.0 85.9 1608 950 5.264
1787275943 85.0 85.9 85.0 85.9 1800 950 5.215
1787275944 85.0 85.0 85.0 85.9 1608 950 5.206
1787275945 83.2 81.3 82.2 83.2 2208 950 5.259
1787275946 79.5 78.5 78.5 80.4 2208 950 5.249
1787275947 78.5 76.7 77.6 78.5 2208 950 5.288
1787275948 77.6 75.8 76.7 77.6 2208 950 5.293
1787275949 76.7 75.8 75.8 76.7 2208 950 5.312
1787275950 76.7 74.8 75.8 76.7 2208 950 5.249
1787275951 75.8 74.8 74.8 76.7 2208 950 5.273
1787275952 75.8 73.9 73.9 75.8 2208 950 5.269
1787275953 75.8 73.0 73.9 74.8 2208 950 5.293
1787275954 74.8 73.0 73.9 74.8 2208 950 5.283
1787275955 74.8 73.0 73.0 74.8 2208 950 5.273
1787275957 73.9 73.0 73.0 73.9 2208 950 5.293
1787275958 73.9 72.1 72.1 73.9 2208 950 5.317
1787275959 73.9 72.1 72.1 73.9 2208 950 5.322
1787275960 73.0 72.1 72.1 73.0 2208 950 5.278
1787275961 73.0 71.2 72.1 73.0 2208 950 5.307
1787275962 73.0 71.2 71.2 73.0 2208 950 5.273
1787275963 77.6 76.7 76.7 77.6 2208 950 5.273
1787275964 77.6 77.6 77.6 78.5 2208 950 5.264
1787275965 78.5 78.5 77.6 79.5 2208 950 5.215
1787275966 79.5 78.5 78.5 79.5 2208 950 5.225
1787275967 79.5 79.5 78.5 80.4 2208 950 5.269
1787275968 79.5 79.5 78.5 80.4 2208 950 5.264
1787275969 80.4 79.5 79.5 80.4 2208 950 5.264
1787275970 79.5 79.5 79.5 80.4 2208 950 5.249
1787275972 80.4 80.4 79.5 81.3 2208 950 5.249
1787275973 77.6 75.8 76.7 77.6 2208 950 5.293
1787275974 75.8 73.9 73.9 75.8 2208 950 5.293
1787275975 74.8 73.9 73.9 75.8 2208 950 5.298
1787275976 80.4 80.4 79.5 80.4 2208 950 5.206
1787275977 82.2 81.3 81.3 82.2 2208 950 5.220
1787275978 83.2 83.2 82.2 84.1 2208 950 5.215
1787275979 83.2 83.2 82.2 84.1 2208 950 5.249
1787275980 84.1 84.1 83.2 85.0 2208 950 5.235
1787275981 84.1 83.2 83.2 84.1 2208 950 5.220
1787275983 84.1 83.2 83.2 85.0 2208 950 5.186
1787275984 85.0 85.0 84.1 85.0 2016 950 5.201
1787275985 84.1 85.0 84.1 85.9 2016 950 5.254
1787275986 85.0 85.0 84.1 85.9 2016 950 5.230
1787275987 85.0 85.0 84.1 85.9 2016 950 5.249
1787275988 85.0 85.0 84.1 85.9 2016 950 5.230
1787275989 85.9 85.0 85.0 86.8 1800 950 5.230
1787275990 85.0 85.0 85.0 85.9 2016 950 5.235
1787275992 85.0 85.0 84.1 85.9 1800 950 5.230
1787275993 85.0 84.1 84.1 85.9 2016 950 5.249
1787275994 85.0 84.1 84.1 85.9 2016 950 5.240
1787275995 85.0 85.0 84.1 85.9 2016 950 5.240
1787275996 85.0 85.0 84.1 85.9 1800 950 5.249
1787275997 85.0 85.0 84.1 85.9 1800 950 5.215
1787275998 85.0 84.1 84.1 85.9 2016 950 5.240
1787275999 85.0 85.0 84.1 85.9 2016 950 5.201
1787276000 85.0 85.0 84.1 85.9 2016 950 5.249
1787276001 85.9 85.0 85.0 85.9 2016 950 5.220
1787276003 85.0 85.0 84.1 85.9 1800 950 5.249
1787276004 85.0 85.0 84.1 85.9 1800 950 5.225
1787276005 85.0 85.0 85.0 85.9 1800 950 5.254
1787276006 85.0 85.0 84.1 85.0 1800 950 5.249
1787276007 85.0 85.0 84.1 85.0 2016 950 5.235
1787276008 85.0 85.0 84.1 85.9 2016 950 5.259
1787276009 85.0 85.0 85.0 85.9 2016 950 5.235
1787276010 85.0 85.0 84.1 85.0 1800 950 5.240
1787276011 85.0 85.0 84.1 85.9 1800 950 5.244
1787276013 85.0 85.0 84.1 85.0 1800 950 5.264
1787276014 85.0 85.0 85.0 85.9 1800 950 5.196
1787276015 85.0 85.0 84.1 85.9 1800 950 5.206
1787276016 85.0 85.0 85.0 85.9 2016 950 5.172
1787276017 85.0 85.0 85.0 85.9 2016 950 5.264
1787276018 85.9 85.9 85.0 85.9 2016 950 5.264
1787276019 85.9 85.9 85.0 85.9 1800 950 5.235
1787276020 85.0 85.0 84.1 85.9 1800 950 5.259
1787276021 85.0 85.0 85.0 85.9 1800 950 5.240
1787276023 85.9 85.9 85.0 85.9 1800 950 5.293
1787276024 85.9 85.9 85.0 85.9 1800 950 5.225
1787276025 85.9 85.9 85.0 85.9 1800 950 5.244
1787276026 85.9 85.9 85.0 85.9 1800 950 5.244
1787276027 85.9 85.9 85.0 86.8 1800 950 5.254
1787276028 85.0 85.0 85.0 85.9 1608 950 5.298
1787276029 85.0 85.0 85.0 85.9 1608 950 5.211
1787276030 85.9 85.9 85.0 85.9 1608 950 5.244
1787276031 85.9 85.0 85.0 85.9 1800 950 5.225
1787276033 85.9 85.9 85.0 85.9 1608 950 5.259
1787276034 85.9 85.0 85.0 85.9 1608 950 5.230
1787276035 85.9 85.0 85.0 85.9 1608 950 5.215
1787276036 81.3 79.5 80.4 81.3 2208 950 5.283
1787276037 78.5 77.6 77.6 80.4 2208 950 5.273
1787276038 77.6 76.7 76.7 78.5 2208 950 5.312
1787276039 77.6 75.8 76.7 77.6 2208 950 5.259
1787276040 76.7 74.8 75.8 76.7 2208 950 5.307
1787276041 75.8 74.8 74.8 75.8 2208 950 5.288
1787276042 75.8 73.9 73.9 75.8 2208 950 5.244
1787276043 74.8 73.9 73.9 74.8 2208 950 5.249
1787276045 74.8 73.0 73.9 74.8 2208 950 5.288
1787276046 73.9 73.0 73.0 73.9 2208 950 5.307
1787276047 73.9 72.1 73.0 73.9 2208 950 5.269
1787276048 73.9 72.1 72.1 73.0 2208 950 5.244
1787276049 73.9 72.1 72.1 73.9 2208 950 5.283
1787276050 73.0 71.2 72.1 73.0 2208 950 5.278
1787276051 73.0 71.2 71.2 73.0 2208 950 5.230
1787276052 72.1 71.2 71.2 72.1 2208 950 5.307
1787276053 72.1 71.2 71.2 72.1 2208 950 5.302
1787276054 72.1 70.2 70.2 72.1 2208 950 5.244
1787276055 71.2 70.2 70.2 72.1 2208 950 5.269
1787276056 71.2 70.2 70.2 71.2 2208 950 5.293
1787276057 71.2 69.3 70.2 71.2 2208 950 5.283
1787276058 71.2 69.3 69.3 71.2 2208 950 5.249
1787276060 70.2 69.3 70.2 70.2 2208 950 5.225
1787276061 76.7 76.7 75.8 77.6 2208 950 5.230
1787276062 72.1 71.2 71.2 72.1 2208 950 5.293
1787276063 72.1 72.1 71.2 73.9 2208 950 5.288
1787276064 75.8 75.8 74.8 76.7 2208 950 5.278
1787276065 75.8 74.8 74.8 76.7 2208 950 5.264
1787276066 73.0 72.1 72.1 73.0 2208 950 5.249
1787276067 72.1 70.2 71.2 72.1 2208 950 5.288
1787276068 77.6 78.5 77.6 79.5 2208 950 5.302
1787276069 73.9 73.0 73.0 73.9 2208 950 5.273
1787276070 72.1 71.2 71.2 72.1 2208 950 5.322
1787276072 71.2 69.3 70.2 71.2 2208 950 5.269
1787276073 72.1 70.2 70.2 71.2 2208 950 5.273
1787276074 73.9 73.0 73.0 73.9 2208 950 5.278
1787276075 76.7 76.7 76.7 78.5 2208 950 5.254
1787276076 72.1 71.2 71.2 72.1 2208 950 5.312
1787276077 71.2 69.3 70.2 71.2 2208 950 5.317
1787276078 70.2 69.3 69.3 70.2 2208 950 5.254
1787276079 70.2 68.4 69.3 70.2 2208 950 5.312
1787276080 75.8 75.8 74.8 77.6 2208 950 5.254
1787276081 73.9 73.0 73.0 73.9 2208 950 5.240
1787276082 71.2 70.2 70.2 71.2 2208 950 5.298
1787276083 74.8 73.9 73.9 75.8 2208 950 5.230
1787276085 78.5 78.5 77.6 80.4 2208 950 5.254
1787276086 73.9 72.1 73.0 73.9 2208 950 5.293
1787276087 71.2 70.2 70.2 72.1 2208 950 5.312
1787276088 74.8 74.8 73.9 76.7 2208 950 5.177
1787276089 76.7 76.7 76.7 78.5 2208 950 5.167
1787276090 79.5 78.5 78.5 80.4 2208 950 5.215
1787276091 76.7 75.8 75.8 76.7 2208 950 5.312
1787276092 73.0 72.1 72.1 73.0 2208 950 5.220
1787276093 77.6 77.6 76.7 79.5 2208 950 5.206
1787276094 80.4 79.5 78.5 81.3 2208 950 5.220
1787276096 74.8 73.0 73.9 74.8 2208 950 5.288
1787276097 73.0 71.2 71.2 72.1 2208 950 5.317
1787276098 79.5 78.5 77.6 80.4 2208 950 5.220
1787276099 80.4 79.5 78.5 80.4 2208 950 5.264
1787276100 73.9 73.0 73.0 74.8 2208 950 5.302
1787276101 73.9 73.9 73.0 74.8 2208 950 5.288
1787276102 76.7 74.8 75.8 76.7 2208 950 5.235
1787276103 75.8 74.8 74.8 75.8 2208 950 5.278
1787276104 73.0 71.2 71.2 73.0 2208 950 5.317
1787276105 75.8 75.8 74.8 77.6 2208 950 5.215
1787276106 79.5 79.5 78.5 80.4 2208 950 5.225
1787276108 74.8 73.9 73.9 75.8 2208 950 5.331
1787276109 72.1 71.2 71.2 72.1 2208 950 5.307
1787276110 78.5 78.5 77.6 80.4 2208 950 5.220
1787276111 80.4 80.4 79.5 80.4 2208 950 5.235
1787276112 73.9 72.1 72.1 73.9 2208 950 5.254
1787276113 73.0 71.2 71.2 73.0 2208 950 5.278
1787276114 78.5 77.6 76.7 79.5 2208 950 5.220
1787276115 75.8 74.8 74.8 75.8 2208 950 5.293
1787276116 73.0 71.2 71.2 72.1 2208 950 5.322
1787276117 73.9 72.1 72.1 73.9 2208 950 5.317
1787276118 78.5 78.5 77.6 79.5 2208 950 5.278
1787276120 74.8 73.0 73.9 74.8 2208 950 5.307
1787276121 72.1 71.2 71.2 72.1 2208 950 5.254
1787276122 75.8 74.8 74.8 76.7 2208 950 5.254
1787276123 79.5 79.5 78.5 80.4 2208 950 5.283
1787276124 76.7 74.8 75.8 76.7 2208 950 5.196
1787276125 73.0 71.2 71.2 73.0 2208 950 5.293
1787276126 75.8 75.8 74.8 76.7 2208 950 5.191
1787276127 79.5 79.5 78.5 80.4 2208 950 5.307
1787276128 73.0 71.2 72.1 73.0 2208 950 5.298
1787276129 72.1 70.2 70.2 72.1 2208 950 5.302
1787276130 74.8 74.8 73.9 76.7 2208 950 5.264
1787276132 78.5 78.5 77.6 79.5 2208 950 5.244
1787276133 73.9 72.1 72.1 73.9 2208 950 5.307
1787276134 72.1 70.2 70.2 72.1 2208 950 5.302
1787276135 72.1 70.2 70.2 72.1 2208 950 5.307
1787276136 71.2 70.2 70.2 72.1 2208 950 5.317
1787276137 70.2 69.3 69.3 70.2 2208 950 5.240
1787276138 70.2 69.3 69.3 70.2 2208 950 5.273
1787276139 69.3 68.4 68.4 69.3 2208 950 5.254
1787276140 69.3 68.4 68.4 69.3 2208 950 5.273
1787276141 69.3 67.5 67.5 69.3 2208 950 5.322
1787276142 68.4 67.5 67.5 68.4 2208 950 5.327
1787276143 68.4 67.5 67.5 68.4 2208 950 5.269
1787276144 68.4 66.5 66.5 68.4 2208 950 5.269
1787276146 67.5 66.5 66.5 68.4 2208 950 5.249
1787276147 68.4 66.5 66.5 68.4 2208 950 5.244
1787276148 67.5 66.5 66.5 67.5 2208 950 5.307
1787276149 67.5 65.6 66.5 67.5 2208 950 5.235
1787276150 67.5 65.6 65.6 66.5 2208 950 5.322
1787276151 67.5 65.6 65.6 66.5 2208 950 5.302
1787276152 66.5 65.6 65.6 66.5 2208 950 5.249
1787276153 66.5 65.6 65.6 66.5 2208 950 5.302
1787276154 66.5 64.7 64.7 66.5 2208 950 5.283
1787276155 66.5 64.7 64.7 66.5 2208 950 5.293
1787276156 66.5 64.7 64.7 66.5 2208 950 5.259
1787276157 66.5 64.7 64.7 65.6 2208 950 5.293
1787276158 67.5 67.5 66.5 69.3 2208 950 5.302
1787276159 66.5 64.7 64.7 66.5 2208 950 5.273
1787276161 66.5 64.7 64.7 65.6 2208 950 5.278
1787276162 65.6 64.7 64.7 66.5 2208 950 5.273
1787276163 73.0 72.1 72.1 73.0 2208 950 5.249
1787276164 70.2 68.4 68.4 70.2 2208 950 5.312
1787276165 68.4 67.5 67.5 68.4 2208 950 5.278
1787276166 68.4 66.5 66.5 68.4 2208 950 5.302
1787276167 69.3 67.5 68.4 69.3 2208 950 5.273
1787276168 67.5 65.6 65.6 67.5 2208 950 5.269
1787276169 66.5 65.6 65.6 66.5 2208 950 5.235
1787276170 66.5 64.7 64.7 66.5 2208 950 5.240
1787276171 65.6 64.7 64.7 65.6 2208 950 5.264
1787276172 65.6 63.8 63.8 65.6 2208 950 5.298
1787276173 65.6 63.8 64.7 66.5 2208 950 5.283
1787276174 65.6 63.8 63.8 65.6 2208 950 5.273
1787276176 70.2 70.2 69.3 71.2 2208 950 5.235
1787276177 70.2 69.3 68.4 70.2 2208 950 5.240
1787276178 67.5 66.5 66.5 67.5 2208 950 5.249
1787276179 72.1 72.1 71.2 73.0 2208 950 5.283
1787276180 68.4 67.5 67.5 68.4 2208 950 5.293
1787276181 66.5 65.6 65.6 67.5 2208 950 5.278
1787276182 66.5 65.6 64.7 66.5 2208 950 5.302
1787276183 65.6 63.8 64.7 65.6 2208 950 5.273
1787276184 72.1 72.1 71.2 73.9 2208 950 5.182
1787276185 72.1 73.0 72.1 73.9 2208 950 5.196
1787276186 73.9 73.9 73.0 75.8 2208 950 5.269
1787276188 69.3 67.5 67.5 69.3 2208 950 5.298
1787276189 68.4 68.4 67.5 71.2 2208 950 5.220
1787276190 74.8 74.8 73.9 76.7 2208 950 5.201
1787276191 72.1 71.2 71.2 72.1 2208 950 5.249
1787276192 73.9 73.9 73.9 75.8 2208 950 5.220
1787276193 74.8 74.8 74.8 76.7 2208 950 5.215
1787276194 73.0 73.0 73.0 74.8 2208 950 5.235
1787276195 71.2 69.3 70.2 71.2 2208 950 5.244
1787276197 69.3 67.5 67.5 68.4 2208 950 5.312
1787276198 72.1 72.1 71.2 73.9 2208 950 5.186
1787276199 75.8 75.8 74.8 76.7 2208 950 5.264
1787276200 70.2 68.4 68.4 69.3 2208 950 5.269
1787276201 68.4 66.5 67.5 68.4 2208 950 5.307
1787276202 74.8 73.9 73.9 75.8 2208 950 5.196
1787276203 70.2 69.3 69.3 70.2 2208 950 5.235
1787276204 73.0 72.1 72.1 73.9 2208 950 5.225
1787276205 74.8 74.8 73.9 76.7 2208 950 5.244
1787276206 73.9 73.9 73.0 75.8 2208 950 5.201
1787276208 71.2 69.3 69.3 70.2 2208 950 5.283
1787276209 69.3 67.5 67.5 68.4 2208 950 5.240
1787276210 74.8 74.8 74.8 75.8 2208 950 5.269
1787276211 76.7 76.7 75.8 78.5 2208 950 5.225
1787276212 70.2 69.3 69.3 70.2 2208 950 5.225
1787276213 72.1 72.1 72.1 73.0 2208 950 5.191
1787276214 70.2 69.3 69.3 70.2 2208 950 5.312
1787276215 68.4 67.5 67.5 68.4 2208 950 5.278
1787276216 68.4 66.5 66.5 68.4 2208 950 5.273
1787276217 70.2 69.3 69.3 71.2 2208 950 5.249
1787276218 73.9 73.9 73.9 75.8 2208 950 5.230
1787276220 72.1 72.1 72.1 73.9 2208 950 5.230
1787276221 74.8 74.8 73.9 75.8 2208 950 5.278
1787276222 72.1 72.1 72.1 74.8 2208 950 5.177
1787276223 76.7 76.7 75.8 77.6 2208 950 5.269
1787276224 70.2 68.4 69.3 70.2 2208 950 5.244
1787276225 72.1 72.1 71.2 73.9 2208 950 5.249
1787276226 70.2 69.3 69.3 71.2 2208 950 5.273
1787276227 72.1 71.2 71.2 72.1 2208 950 5.317
1787276228 69.3 67.5 68.4 69.3 2208 950 5.254
1787276229 73.0 71.2 72.1 73.0 2208 950 5.312
1787276230 69.3 68.4 68.4 69.3 2208 950 5.293
1787276231 73.0 72.1 72.1 73.9 2208 950 5.298
1787276233 76.7 76.7 75.8 78.5 2208 950 5.254
1787276234 71.2 69.3 70.2 70.2 2208 950 5.283
1787276235 69.3 68.4 68.4 71.2 2208 950 5.191
1787276236 76.7 76.7 75.8 77.6 2208 950 5.327
1787276237 70.2 68.4 68.4 70.2 2208 950 5.264
1787276238 69.3 67.5 67.5 69.3 2208 950 5.298
1787276239 68.4 66.5 67.5 68.4 2208 950 5.264
1787276240 67.5 66.5 66.5 67.5 2208 950 5.317
1787276241 67.5 65.6 66.5 67.5 2208 950 5.307
1787276242 66.5 65.6 65.6 66.5 2208 950 5.283
1787276243 66.5 65.6 65.6 66.5 2208 950 5.322
1787276244 66.5 64.7 64.7 66.5 2208 950 5.235
1787276246 65.6 64.7 64.7 65.6 2208 950 5.322
1787276247 65.6 64.7 64.7 66.5 2208 950 5.312
1787276248 65.6 63.8 64.7 65.6 2208 950 5.278
1787276249 65.6 63.8 63.8 65.6 2208 950 5.312
1787276250 64.7 63.8 63.8 65.6 2208 950 5.307
1787276251 65.6 63.8 63.8 65.6 2208 950 5.317
1787276252 64.7 63.8 63.8 64.7 2208 950 5.312
1787276253 64.7 63.8 63.8 64.7 2208 950 5.288
1787276254 64.7 62.8 62.8 64.7 2208 950 5.225
1787276255 64.7 62.8 62.8 65.6 2208 950 5.283
1787276256 64.7 62.8 62.8 63.8 2208 950 5.278
1787276257 64.7 62.8 62.8 64.7 2208 950 5.273
1787276258 63.8 62.8 62.8 63.8 2208 950 5.244
1787276259 63.8 61.9 62.8 63.8 2208 950 5.259
1787276261 66.5 67.5 66.5 69.3 2208 950 5.211
1787276262 72.1 71.2 70.2 73.0 2208 950 5.249
1787276263 68.4 66.5 67.5 68.4 2208 950 5.254
1787276264 65.6 64.7 64.7 65.6 2208 950 5.249
1787276265 66.5 65.6 65.6 66.5 2208 950 5.269
1787276266 69.3 68.4 68.4 70.2 2208 950 5.249
1787276267 71.2 71.2 70.2 73.0 2208 950 5.254
1787276268 72.1 71.2 71.2 72.1 2208 950 5.240
1787276269 71.2 71.2 70.2 72.1 2208 950 5.293
1787276270 74.8 74.8 73.9 75.8 2208 950 5.220
1787276271 70.2 68.4 68.4 70.2 2208 950 5.254
1787276273 68.4 66.5 66.5 68.4 2208 950 5.264
1787276274 68.4 66.5 66.5 68.4 2208 950 5.244
1787276275 71.2 69.3 70.2 70.2 2208 950 5.254
1787276276 67.5 66.5 66.5 67.5 2208 950 5.312
1787276277 73.0 73.0 72.1 73.9 2208 950 5.211
1787276278 73.9 72.1 72.1 73.0 2208 950 5.235
1787276279 68.4 67.5 67.5 69.3 2208 950 5.293
1787276280 67.5 65.6 65.6 67.5 2208 950 5.293
1787276281 73.0 73.0 72.1 74.8 2208 950 5.201
1787276282 73.9 73.0 73.0 74.8 2208 950 5.225
1787276283 69.3 67.5 67.5 68.4 2208 950 5.244
1787276285 67.5 66.5 66.5 67.5 2208 950 5.302
1787276286 72.1 72.1 71.2 73.0 2208 950 5.225
1787276287 72.1 70.2 70.2 71.2 2208 950 5.264
1787276288 67.5 66.5 66.5 67.5 2208 950 5.235
1787276289 72.1 72.1 72.1 73.9 2208 950 5.186
1787276290 73.9 73.0 73.0 73.9 2208 950 5.254
1787276291 70.2 68.4 69.3 69.3 2208 950 5.288
1787276292 68.4 66.5 66.5 67.5 2208 950 5.254
1787276293 72.1 73.0 72.1 73.9 2208 950 5.273
1787276294 74.8 74.8 73.9 75.8 2208 950 5.240
1787276296 73.0 72.1 71.2 73.0 2208 950 5.230
1787276297 75.8 74.8 74.8 76.7 2208 950 5.244
1787276298 72.1 71.2 71.2 73.0 2208 950 5.244
1787276299 70.2 68.4 68.4 70.2 2208 950 5.269
1787276300 73.0 73.0 72.1 74.8 2208 950 5.240
1787276301 71.2 69.3 69.3 70.2 2208 950 5.317
1787276302 68.4 67.5 67.5 68.4 2208 950 5.283
1787276303 68.4 66.5 67.5 69.3 2208 950 5.293
1787276304 75.8 74.8 74.8 76.7 2208 950 5.196
1787276305 69.3 68.4 67.5 69.3 2208 950 5.278
1787276306 67.5 66.5 66.5 68.4 2208 950 5.283
1787276308 73.9 73.0 73.0 73.9 2208 950 5.206
1787276309 73.0 71.2 72.1 73.0 2208 950 5.288
1787276310 68.4 67.5 67.5 68.4 2208 950 5.249
1787276311 72.1 71.2 71.2 72.1 2208 950 5.254
1787276312 73.9 73.9 73.0 74.8 2208 950 5.235
1787276313 70.2 68.4 68.4 70.2 2208 950 5.249
1787276314 68.4 66.5 66.5 68.4 2208 950 5.293
1787276315 70.2 68.4 69.3 70.2 2208 950 5.249
1787276316 74.8 74.8 73.9 75.8 2208 950 5.235
1787276317 70.2 68.4 68.4 69.3 2208 950 5.269
1787276318 68.4 66.5 67.5 68.4 2208 950 5.307
1787276319 74.8 74.8 73.9 75.8 2208 950 5.254
1787276321 76.7 75.8 74.8 76.7 2208 950 5.298
1787276322 69.3 68.4 68.4 69.3 2208 950 5.312
1787276323 68.4 66.5 66.5 68.4 2208 950 5.322
1787276324 67.5 66.5 66.5 67.5 2208 950 5.259
1787276325 73.0 71.2 72.1 73.0 2208 950 5.288
1787276326 73.9 73.9 73.0 74.8 2208 950 5.240
1787276327 70.2 69.3 69.3 71.2 2208 950 5.206
1787276328 73.0 72.1 72.1 73.0 2208 950 5.244
1787276329 68.4 67.5 67.5 68.4 2208 950 5.293
1787276330 74.8 74.8 73.9 75.8 2208 950 5.235
1787276331 69.3 67.5 68.4 69.3 2208 950 5.293
1787276332 68.4 66.5 66.5 67.5 2208 950 5.307
1787276334 73.0 71.2 71.2 73.9 2208 950 5.230
1787276335 76.7 75.8 75.8 76.7 2208 950 5.273
1787276336 69.3 68.4 68.4 69.3 2208 950 5.244
1787276337 68.4 66.5 67.5 68.4 2208 950 5.293
1787276338 67.5 65.6 66.5 67.5 2208 950 5.293
1787276339 66.5 65.6 65.6 66.5 2208 950 5.254
1787276340 66.5 64.7 65.6 66.5 2208 950 5.302
1787276341 66.5 64.7 64.7 66.5 2208 950 5.307
1787276342 66.5 64.7 64.7 66.5 2208 950 5.254
1787276343 65.6 63.8 64.7 65.6 2208 950 5.235
1787276344 65.6 63.8 63.8 65.6 2208 950 5.249
1787276345 65.6 63.8 63.8 65.6 2208 950 5.254
1787276346 64.7 63.8 63.8 65.6 2208 950 5.327
1787276347 64.7 63.8 63.8 64.7 2208 950 5.254
1787276349 64.7 62.8 63.8 64.7 2208 950 5.264
1787276350 64.7 62.8 62.8 64.7 2208 950 5.254
1787276351 63.8 62.8 62.8 63.8 2208 950 5.298
1787276352 63.8 62.8 62.8 63.8 2208 950 5.298
1787276353 63.8 62.8 62.8 63.8 2208 950 5.278
1787276354 63.8 61.9 62.8 63.8 2208 950 5.244
1787276355 63.8 61.9 62.8 63.8 2208 950 5.317
1787276356 62.8 61.9 62.8 63.8 2208 950 5.293
1787276357 62.8 61.9 61.9 62.8 2208 950 5.322
1787276358 62.8 61.9 61.9 62.8 2208 950 5.283
1787276359 62.8 61.9 61.9 63.8 2208 950 5.302
1787276360 63.8 61.9 62.8 63.8 2208 950 5.264
1787276361 68.4 69.3 68.4 69.3 2208 950 5.240
1787276362 66.5 65.6 65.6 66.5 2208 950 5.312
1787276364 64.7 62.8 63.8 64.7 2208 950 5.249
1787276365 67.5 66.5 66.5 68.4 2208 950 5.312
1787276366 69.3 69.3 69.3 70.2 2208 950 5.278
1787276367 65.6 64.7 64.7 65.6 2208 950 5.278
1787276368 68.4 67.5 67.5 70.2 2208 950 5.196
1787276369 65.6 63.8 64.7 65.6 2208 950 5.322
1787276370 64.7 63.8 62.8 64.7 2208 950 5.298
1787276371 63.8 62.8 62.8 64.7 2208 950 5.249
1787276372 64.7 62.8 62.8 64.7 2208 950 5.230
1787276373 69.3 69.3 68.4 70.2 2208 950 5.211
1787276374 67.5 66.5 66.5 67.5 2208 950 5.293
1787276375 70.2 69.3 69.3 71.2 2208 950 5.249
1787276377 71.2 70.2 70.2 72.1 2208 950 5.206
1787276378 68.4 68.4 67.5 70.2 2208 950 5.211
1787276379 67.5 65.6 66.5 67.5 2208 950 5.273
1787276380 69.3 68.4 68.4 69.3 2208 950 5.244
1787276381 73.0 73.0 72.1 73.9 2208 950 5.254
1787276382 73.9 73.9 73.0 73.9 2208 950 5.254
1787276383 73.9 73.0 73.0 74.8 2208 950 5.220
1787276384 68.4 66.5 66.5 68.4 2208 950 5.264
1787276385 71.2 71.2 70.2 72.1 2208 950 5.215
1787276386 72.1 71.2 70.2 73.0 2208 950 5.235
1787276388 69.3 67.5 68.4 69.3 2208 950 5.298
1787276389 67.5 67.5 67.5 69.3 2208 950 5.211
1787276390 68.4 66.5 66.5 69.3 2208 950 5.273
1787276391 66.5 65.6 65.6 66.5 2208 950 5.312
1787276392 71.2 71.2 70.2 72.1 2208 950 5.230
1787276393 72.1 70.2 71.2 72.1 2208 950 5.322
1787276394 67.5 65.6 66.5 67.5 2208 950 5.259
1787276395 73.9 73.0 73.0 73.9 2208 950 5.264
1787276396 73.9 73.0 73.0 75.8 2208 950 5.215
1787276397 73.9 73.0 72.1 74.8 2208 950 5.230
1787276399 70.2 69.3 69.3 70.2 2208 950 5.293
1787276400 73.9 73.0 73.0 73.9 2208 950 5.254
1787276401 72.1 70.2 71.2 71.2 2208 950 5.312
1787276402 74.8 74.8 73.9 75.8 2208 950 5.283
1787276403 73.0 73.0 72.1 73.9 2208 950 5.244
1787276404 76.7 75.8 75.8 77.6 2208 950 5.264
1787276405 70.2 68.4 68.4 70.2 2208 950 5.244
1787276406 68.4 66.5 67.5 68.4 2208 950 5.254
1787276407 74.8 73.9 73.9 73.9 2208 950 5.298
1787276408 69.3 67.5 68.4 69.3 2208 950 5.302
1787276410 68.4 68.4 68.4 71.2 2208 950 5.244
1787276411 71.2 69.3 70.2 71.2 2208 950 5.244
1787276412 68.4 66.5 67.5 68.4 2208 950 5.322
1787276413 73.0 73.0 72.1 73.9 2208 950 5.244
1787276414 75.8 75.8 74.8 76.7 2208 950 5.215
1787276415 69.3 68.4 68.4 69.3 2208 950 5.249
1787276416 73.0 73.0 72.1 74.8 2208 950 5.201
1787276417 74.8 73.9 73.9 74.8 2208 950 5.264
1787276418 69.3 67.5 67.5 69.3 2208 950 5.235
1787276419 68.4 66.5 66.5 67.5 2208 950 5.288
1787276421 73.9 74.8 73.0 74.8 2208 950 5.283
1787276422 74.8 74.8 73.9 75.8 2208 950 5.244
1787276423 69.3 68.4 68.4 69.3 2208 950 5.269
1787276424 73.0 71.2 72.1 73.0 2208 950 5.312
1787276425 71.2 70.2 70.2 72.1 2208 950 5.230
1787276426 70.2 68.4 69.3 70.2 2208 950 5.307
1787276427 73.9 73.9 73.9 75.8 2208 950 5.249
1787276428 73.9 73.0 73.0 74.8 2208 950 5.206
1787276429 70.2 68.4 68.4 70.2 2208 950 5.288
1787276430 68.4 66.5 66.5 68.4 2208 950 5.288
1787276431 72.1 70.2 71.2 72.1 2208 950 5.235
1787276432 73.0 71.2 71.2 72.1 2208 950 5.278
1787276434 75.8 75.8 74.8 76.7 2208 950 5.225
1787276435 69.3 68.4 68.4 69.3 2208 950 5.293
1787276436 69.3 67.5 67.5 69.3 2208 950 5.288
1787276437 68.4 67.5 67.5 68.4 2208 950 5.288
1787276438 67.5 65.6 66.5 67.5 2208 950 5.331
1787276439 67.5 65.6 65.6 66.5 2208 950 5.312
1787276440 66.5 65.6 65.6 66.5 2208 950 5.322
1787276441 66.5 64.7 64.7 66.5 2208 950 5.293
1787276442 65.6 64.7 64.7 65.6 2208 950 5.273
1787276443 65.6 63.8 64.7 65.6 2208 950 5.273
1787276444 65.6 63.8 64.7 65.6 2208 950 5.278
1787276445 64.7 63.8 63.8 65.6 2208 950 5.273
1787276446 64.7 63.8 63.8 64.7 2208 950 5.244
1787276448 64.7 63.8 63.8 64.7 2208 950 5.249
1787276449 64.7 62.8 63.8 64.7 2208 950 5.273
1787276450 64.7 62.8 63.8 64.7 2208 950 5.327
1787276451 64.7 62.8 62.8 64.7 2208 950 5.322
1787276452 64.7 62.8 62.8 64.7 2208 950 5.302
1787276453 63.8 62.8 62.8 63.8 2208 950 5.317
1787276454 63.8 61.9 62.8 63.8 2208 950 5.283
1787276455 63.8 61.9 62.8 63.8 2208 950 5.298
1787276456 63.8 61.9 61.9 63.8 2208 950 5.331
1787276457 62.8 61.9 61.9 62.8 2208 950 5.317
1787276458 62.8 61.9 61.9 63.8 2208 950 5.307
1787276459 67.5 66.5 66.5 68.4 2208 950 5.240
1787276460 69.3 68.4 68.4 69.3 2208 950 5.230
1787276461 69.3 69.3 68.4 69.3 2208 950 5.259
1787276463 70.2 69.3 69.3 70.2 2208 950 5.254
1787276464 70.2 70.2 70.2 71.2 2208 950 5.264
1787276465 71.2 71.2 70.2 72.1 2208 950 5.215
1787276466 71.2 71.2 70.2 72.1 2208 950 5.230
1787276467 71.2 71.2 71.2 72.1 2208 950 5.240
1787276468 72.1 71.2 71.2 73.0 2208 950 5.235
1787276469 71.2 69.3 70.2 71.2 2208 950 5.244
1787276470 67.5 66.5 66.5 67.5 2208 950 5.317
1787276471 67.5 65.6 66.5 67.5 2208 950 5.283
1787276472 71.2 69.3 70.2 71.2 2208 950 5.244
1787276473 73.9 73.9 73.9 74.8 2208 950 5.182
1787276474 74.8 74.8 73.9 75.8 2208 950 5.206
1787276475 75.8 75.8 74.8 77.6 2208 950 5.206
1787276477 75.8 75.8 75.8 76.7 2208 950 5.191
1787276478 76.7 76.7 75.8 77.6 2208 950 5.201
1787276479 77.6 77.6 76.7 79.5 2208 950 5.211
1787276480 77.6 76.7 76.7 78.5 2208 950 5.230
1787276481 78.5 78.5 77.6 79.5 2208 950 5.220
1787276482 78.5 78.5 77.6 80.4 2208 950 5.235
1787276483 77.6 77.6 76.7 79.5 2208 950 5.220
1787276485 79.5 79.5 78.5 80.4 2208 950 5.215
1787276486 79.5 78.5 78.5 80.4 2208 950 5.225
1787276487 79.5 79.5 79.5 80.4 2208 950 5.215
1787276488 80.4 79.5 78.5 81.3 2208 950 5.211
1787276489 80.4 80.4 79.5 82.2 2208 950 5.225
1787276490 80.4 80.4 79.5 81.3 2208 950 5.264
1787276491 80.4 80.4 79.5 82.2 2208 950 5.235
1787276492 81.3 80.4 79.5 81.3 2208 950 5.206
1787276494 81.3 81.3 80.4 81.3 2208 950 5.244
1787276495 82.2 81.3 81.3 83.2 2208 950 5.244
1787276496 82.2 82.2 81.3 83.2 2208 950 5.225
1787276497 82.2 82.2 81.3 84.1 2208 950 5.235
1787276498 82.2 82.2 81.3 83.2 2208 950 5.273
1787276499 83.2 83.2 82.2 84.1 2208 950 5.196
1787276500 82.2 82.2 82.2 84.1 2208 950 5.278
1787276502 82.2 82.2 82.2 84.1 2208 950 5.235
1787276503 83.2 83.2 82.2 85.0 2208 950 5.211
1787276504 83.2 83.2 82.2 84.1 2208 950 5.293
1787276505 83.2 83.2 82.2 85.0 2208 950 5.153
1787276506 83.2 82.2 82.2 84.1 2208 950 5.264
1787276507 83.2 82.2 82.2 84.1 2208 950 5.230
1787276508 84.1 83.2 82.2 84.1 2208 950 5.191
1787276509 83.2 83.2 82.2 84.1 2208 950 5.254
1787276510 84.1 84.1 83.2 85.0 2208 950 5.225
1787276512 84.1 83.2 83.2 85.0 2208 950 5.244
1787276513 83.2 83.2 82.2 85.0 2208 950 5.220
1787276514 84.1 84.1 83.2 85.9 2016 950 5.206
1787276515 85.0 84.1 84.1 85.9 2208 950 5.273
1787276516 84.1 84.1 83.2 85.0 2208 950 5.254
1787276517 85.0 85.0 84.1 85.9 2016 950 5.215
1787276518 85.0 85.0 84.1 85.9 2016 950 5.211
1787276519 84.1 84.1 84.1 85.0 2208 950 5.249
1787276521 85.0 85.0 84.1 85.9 2016 950 5.249
1787276522 85.0 85.0 84.1 85.9 2016 950 5.211
1787276523 84.1 84.1 84.1 85.9 2016 950 5.249
1787276524 85.0 84.1 84.1 85.9 2016 950 5.235
1787276525 85.0 84.1 84.1 85.0 2208 950 5.196
1787276526 85.9 85.0 84.1 85.9 1800 950 5.191
1787276527 84.1 84.1 84.1 85.9 1800 950 5.206
1787276529 85.0 84.1 84.1 85.0 2016 950 5.249
1787276530 85.0 85.0 84.1 85.9 2016 950 5.182
1787276531 85.0 85.0 84.1 85.9 2016 950 5.230
1787276532 84.1 84.1 84.1 85.9 2016 950 5.269
1787276533 78.5 76.7 77.6 78.5 2208 950 5.317
1787276534 77.6 75.8 76.7 77.6 2208 950 5.244
1787276535 75.8 74.8 74.8 75.8 2208 950 5.322
1787276536 74.8 73.0 73.9 74.8 2208 950 5.278
1787276537 73.9 73.0 73.0 73.9 2208 950 5.327
1787276538 73.0 72.1 72.1 73.9 2208 950 5.298
1787276539 73.0 71.2 72.1 73.0 2208 950 5.307
1787276541 72.1 71.2 71.2 72.1 2208 950 5.283
1787276542 72.1 70.2 70.2 72.1 2208 950 5.240
1787276543 71.2 70.2 70.2 72.1 2208 950 5.288
1787276544 71.2 69.3 70.2 71.2 2208 950 5.293
1787276545 71.2 69.3 69.3 71.2 2208 950 5.307
1787276546 70.2 69.3 69.3 70.2 2208 950 5.302
1787276547 70.2 68.4 69.3 70.2 2208 950 5.278
1787276548 70.2 68.4 68.4 70.2 2208 950 5.322
1787276549 69.3 68.4 68.4 69.3 2208 950 5.317
1787276550 69.3 68.4 68.4 69.3 2208 950 5.244
1787276551 69.3 68.4 68.4 69.3 2208 950 5.273
1787276552 69.3 67.5 68.4 69.3 2208 950 5.254
1787276553 68.4 67.5 67.5 68.4 2208 950 5.259
1787276554 68.4 67.5 67.5 68.4 2208 950 5.312
1787276556 68.4 66.5 67.5 68.4 2208 950 5.249
1787276557 68.4 68.4 68.4 70.2 2208 950 5.240
1787276558 68.4 67.5 67.5 68.4 2208 950 5.293
1787276559 72.1 71.2 71.2 73.0 2208 950 5.240
1787276560 73.0 71.2 72.1 73.0 2208 950 5.254
1787276561 69.3 67.5 67.5 69.3 2208 950 5.259
1787276562 70.2 69.3 69.3 70.2 2208 950 5.240
1787276563 74.8 74.8 73.9 76.7 2208 950 5.225
1787276564 71.2 70.2 70.2 71.2 2208 950 5.283
1787276565 69.3 67.5 68.4 69.3 2208 950 5.293
1787276566 73.0 73.0 73.0 74.8 2208 950 5.215
1787276567 72.1 70.2 71.2 72.1 2208 950 5.273
1787276569 69.3 68.4 68.4 69.3 2208 950 5.298
1787276570 69.3 67.5 68.4 70.2 2208 950 5.244
1787276571 70.2 68.4 68.4 70.2 2208 950 5.240
1787276572 72.1 71.2 71.2 73.9 2208 950 5.225
1787276573 76.7 75.8 75.8 77.6 2208 950 5.254
1787276574 75.8 74.8 74.8 76.7 2208 950 5.269
1787276575 72.1 70.2 70.2 72.1 2208 950 5.317
1787276576 73.0 72.1 72.1 73.9 2208 950 5.254
1787276577 70.2 68.4 68.4 70.2 2208 950 5.264
1787276578 75.8 74.8 73.9 76.7 2208 950 5.215
1787276579 76.7 75.8 75.8 77.6 2208 950 5.215
1787276581 75.8 75.8 75.8 77.6 2208 950 5.240
1787276582 78.5 78.5 77.6 80.4 2208 950 5.211
1787276583 72.1 71.2 70.2 72.1 2208 950 5.288
1787276584 70.2 69.3 69.3 70.2 2208 950 5.225
1787276585 72.1 71.2 71.2 73.9 2208 950 5.254
1787276586 72.1 70.2 70.2 72.1 2208 950 5.288
1787276587 73.9 73.0 73.0 73.9 2208 950 5.259
1787276588 73.0 72.1 72.1 73.9 2208 950 5.249
1787276589 70.2 69.3 69.3 70.2 2208 950 5.273
1787276590 75.8 75.8 74.8 77.6 2208 950 5.220
1787276592 70.2 69.3 70.2 71.2 2208 950 5.293
1787276593 72.1 72.1 72.1 73.9 2208 950 5.235
1787276594 74.8 73.0 73.9 74.8 2208 950 5.273
1787276595 75.8 74.8 74.8 76.7 2208 950 5.264
1787276596 70.2 69.3 69.3 71.2 2208 950 5.298
1787276597 69.3 68.4 68.4 69.3 2208 950 5.307
1787276598 69.3 67.5 67.5 68.4 2208 950 5.278
1787276599 68.4 66.5 67.5 68.4 2208 950 5.293
1787276600 67.5 66.5 66.5 68.4 2208 950 5.244
1787276601 75.8 75.8 74.8 77.6 2208 950 5.215
1787276602 72.1 72.1 72.1 73.9 2208 950 5.240
1787276604 75.8 74.8 74.8 76.7 2208 950 5.264
1787276605 72.1 71.2 71.2 73.9 2208 950 5.264
1787276606 72.1 71.2 71.2 72.1 2208 950 5.302
1787276607 77.6 77.6 76.7 77.6 2208 950 5.191
1787276608 77.6 77.6 76.7 79.5 2208 950 5.230
1787276609 75.8 75.8 74.8 77.6 2208 950 5.225
1787276610 71.2 70.2 70.2 72.1 2208 950 5.302
1787276611 76.7 76.7 75.8 77.6 2208 950 5.302
1787276612 74.8 73.0 73.9 74.8 2208 950 5.312
1787276613 73.9 73.9 73.0 75.8 2208 950 5.244
1787276615 78.5 78.5 77.6 80.4 2208 950 5.240
1787276616 76.7 75.8 75.8 76.7 2208 950 5.244
1787276617 77.6 77.6 77.6 79.5 2208 950 5.235
1787276618 74.8 73.0 73.9 74.8 2208 950 5.225
1787276619 76.7 76.7 76.7 79.5 2208 950 5.273
1787276620 79.5 78.5 78.5 79.5 2208 950 5.273
1787276621 73.0 71.2 71.2 72.1 2208 950 5.273
1787276622 71.2 70.2 70.2 71.2 2208 950 5.249
1787276623 70.2 69.3 69.3 70.2 2208 950 5.302
1787276624 70.2 68.4 68.4 69.3 2208 950 5.254
1787276625 74.8 74.8 73.9 76.7 2208 950 5.249
1787276627 76.7 75.8 75.8 77.6 2208 950 5.225
1787276628 77.6 76.7 76.7 78.5 2208 950 5.235
1787276629 72.1 70.2 71.2 72.1 2208 950 5.235
1787276630 75.8 75.8 74.8 77.6 2208 950 5.177
1787276631 76.7 75.8 75.8 76.7 2208 950 5.230
1787276632 71.2 69.3 69.3 71.2 2208 950 5.244
1787276633 70.2 68.4 69.3 70.2 2208 950 5.240
1787276634 69.3 67.5 68.4 69.3 2208 950 5.254
1787276635 69.3 67.5 68.4 69.3 2208 950 5.327
1787276636 68.4 67.5 67.5 68.4 2208 950 5.269
1787276637 68.4 66.5 66.5 68.4 2208 950 5.283
1787276638 67.5 66.5 66.5 67.5 2208 950 5.254
1787276640 67.5 65.6 66.5 67.5 2208 950 5.288
1787276641 67.5 65.6 65.6 67.5 2208 950 5.302
1787276642 67.5 65.6 65.6 66.5 2208 950 5.312
1787276643 66.5 65.6 65.6 66.5 2208 950 5.331
1787276644 66.5 64.7 64.7 66.5 2208 950 5.273
1787276645 66.5 64.7 64.7 66.5 2208 950 5.312
1787276646 65.6 64.7 64.7 65.6 2208 950 5.288
1787276647 65.6 64.7 64.7 66.5 2208 950 5.312
1787276648 65.6 64.7 64.7 65.6 2208 950 5.264
1787276649 65.6 63.8 64.7 65.6 2208 950 5.302
1787276650 65.6 64.7 64.7 65.6 2208 950 5.244
1787276651 65.6 63.8 63.8 65.6 2208 950 5.307
1787276652 64.7 63.8 63.8 65.6 2208 950 5.327
1787276653 64.7 63.8 63.8 64.7 2208 950 5.235
1787276655 64.7 63.8 63.8 64.7 2208 950 5.302
1787276656 67.5 67.5 66.5 68.4 2208 950 5.312
1787276657 69.3 69.3 69.3 71.2 2208 950 5.273
1787276658 70.2 70.2 70.2 71.2 2208 950 5.225
1787276659 71.2 71.2 70.2 71.2 2208 950 5.264
1787276660 71.2 71.2 70.2 71.2 2208 950 5.249
1787276661 72.1 72.1 71.2 72.1 2208 950 5.244
1787276662 73.0 72.1 71.2 73.0 2208 950 5.264
1787276663 73.0 72.1 72.1 73.0 2208 950 5.225
1787276664 73.0 72.1 72.1 73.0 2208 950 5.211
1787276665 73.0 73.0 72.1 73.9 2208 950 5.259
1787276666 69.3 68.4 68.4 69.3 2208 950 5.302
1787276667 68.4 67.5 67.5 69.3 2208 950 5.264
1787276668 72.1 72.1 71.2 73.9 2208 950 5.259
1787276670 74.8 74.8 73.9 76.7 2208 950 5.196
1787276671 76.7 76.7 75.8 78.5 2208 950 5.230
1787276672 77.6 76.7 76.7 78.5 2208 950 5.215
1787276673 77.6 77.6 76.7 78.5 2208 950 5.293
1787276674 78.5 77.6 77.6 79.5 2208 950 5.240
1787276675 79.5 78.5 77.6 79.5 2208 950 5.230
1787276676 79.5 79.5 78.5 80.4 2208 950 5.235
1787276677 79.5 79.5 78.5 80.4 2208 950 5.220
1787276679 80.4 80.4 79.5 82.2 2208 950 5.235
1787276680 80.4 80.4 79.5 82.2 2208 950 5.215
1787276681 80.4 80.4 79.5 82.2 2208 950 5.254
1787276682 80.4 80.4 79.5 82.2 2208 950 5.220
1787276683 81.3 81.3 80.4 81.3 2208 950 5.196
1787276684 81.3 80.4 80.4 82.2 2208 950 5.211
1787276685 81.3 81.3 80.4 82.2 2208 950 5.235
1787276687 81.3 80.4 80.4 82.2 2208 950 5.225
1787276688 82.2 82.2 81.3 83.2 2208 950 5.235
1787276689 82.2 82.2 81.3 83.2 2208 950 5.215
1787276690 82.2 82.2 81.3 83.2 2208 950 5.196
1787276691 82.2 82.2 81.3 83.2 2208 950 5.244
1787276692 83.2 83.2 82.2 84.1 2208 950 5.254
1787276693 83.2 83.2 82.2 84.1 2208 950 5.211
1787276695 83.2 83.2 82.2 84.1 2208 950 5.191
1787276696 83.2 83.2 82.2 84.1 2208 950 5.220
1787276697 84.1 83.2 83.2 85.0 2208 950 5.206
1787276698 83.2 83.2 82.2 84.1 2208 950 5.215
1787276699 83.2 83.2 83.2 85.0 2208 950 5.215
1787276700 83.2 82.2 82.2 84.1 2208 950 5.283
1787276701 84.1 84.1 83.2 85.0 2208 950 5.225
1787276703 84.1 83.2 83.2 85.0 2208 950 5.206
1787276704 84.1 83.2 83.2 85.0 2208 950 5.259
1787276705 84.1 84.1 83.2 85.0 2208 950 5.201
1787276706 84.1 84.1 84.1 85.9 2208 950 5.249
1787276707 85.0 84.1 84.1 85.9 2016 950 5.182
1787276708 85.0 84.1 84.1 85.9 2016 950 5.220
1787276709 84.1 84.1 84.1 85.9 2016 950 5.244
1787276710 85.0 84.1 84.1 85.0 2016 950 5.215
1787276712 84.1 84.1 84.1 85.9 2016 950 5.220
1787276713 85.0 84.1 84.1 85.9 2016 950 5.191
1787276714 84.1 84.1 84.1 85.9 2016 950 5.244
1787276715 85.0 83.2 83.2 85.0 2016 950 5.225
1787276716 84.1 84.1 83.2 85.0 2016 950 5.225
1787276717 85.0 85.0 84.1 85.9 2016 950 5.215
1787276718 85.0 84.1 84.1 85.9 2016 950 5.211
1787276719 85.0 84.1 84.1 85.9 2016 950 5.215
1787276721 85.0 85.0 84.1 85.0 2016 950 5.244
1787276722 85.0 85.0 84.1 85.9 2016 950 5.240
1787276723 85.9 85.0 85.0 85.9 2016 950 5.249
1787276724 85.0 85.0 84.1 85.9 2016 950 5.167
1787276725 85.0 85.0 84.1 85.0 2016 950 5.215
1787276726 85.0 85.0 84.1 85.9 1800 950 5.259
1787276727 85.0 85.0 84.1 85.9 2016 950 5.215
1787276728 85.0 85.0 84.1 85.9 1800 950 5.249
1787276730 78.5 77.6 77.6 78.5 2208 950 5.273
1787276731 77.6 75.8 75.8 77.6 2208 950 5.307
1787276732 75.8 74.8 74.8 75.8 2208 950 5.293
1787276733 74.8 73.9 73.9 75.8 2208 950 5.278
1787276734 73.9 73.0 73.0 73.9 2208 950 5.283
1787276735 73.9 72.1 73.0 73.9 2208 950 5.307
1787276736 73.0 72.1 72.1 73.0 2208 950 5.244
1787276737 72.1 71.2 72.1 73.0 2208 950 5.312
1787276738 72.1 70.2 71.2 72.1 2208 950 5.312
1787276739 72.1 70.2 71.2 72.1 2208 950 5.278
1787276740 72.1 70.2 70.2 72.1 2208 950 5.312
1787276741 71.2 70.2 69.3 71.2 2208 950 5.254
1787276742 71.2 69.3 69.3 71.2 2208 950 5.327
1787276743 70.2 69.3 69.3 70.2 2208 950 5.278
1787276744 70.2 68.4 69.3 71.2 2208 950 5.312
1787276746 70.2 68.4 68.4 70.2 2208 950 5.273
1787276747 69.3 68.4 68.4 69.3 2208 950 5.254
1787276748 69.3 68.4 68.4 69.3 2208 950 5.254
1787276749 69.3 67.5 68.4 70.2 2208 950 5.254
1787276750 69.3 67.5 67.5 69.3 2208 950 5.307
1787276751 68.4 67.5 67.5 69.3 2208 950 5.278
1787276752 68.4 67.5 67.5 68.4 2208 950 5.264
1787276753 68.4 66.5 67.5 69.3 2208 950 5.278
1787276754 68.4 67.5 67.5 69.3 2208 950 5.293
1787276755 68.4 66.5 67.5 68.4 2208 950 5.240
1787276756 71.2 71.2 70.2 73.0 2208 950 5.191
1787276757 75.8 74.8 74.8 76.7 2208 950 5.201
1787276759 76.7 76.7 75.8 77.6 2208 950 5.215
1787276760 73.9 73.0 73.0 73.9 2208 950 5.293
1787276761 71.2 69.3 70.2 70.2 2208 950 5.244
1787276762 75.8 75.8 75.8 78.5 2208 950 5.215
1787276763 75.8 75.8 74.8 76.7 2208 950 5.254
1787276764 72.1 70.2 70.2 72.1 2208 950 5.278
1787276765 70.2 68.4 69.3 70.2 2208 950 5.293
1787276766 70.2 68.4 68.4 70.2 2208 950 5.312
1787276767 76.7 76.7 75.8 76.7 2208 950 5.312
1787276768 75.8 75.8 74.8 77.6 2208 950 5.240
1787276769 78.5 78.5 77.6 79.5 2208 950 5.240
1787276771 72.1 70.2 70.2 72.1 2208 950 5.273
1787276772 73.0 72.1 72.1 73.0 2208 950 5.220
1787276773 78.5 77.6 76.7 79.5 2208 950 5.196
1787276774 73.0 71.2 71.2 73.0 2208 950 5.230
1787276775 71.2 71.2 71.2 73.9 2208 950 5.244
1787276776 72.1 70.2 70.2 71.2 2208 950 5.264
1787276777 70.2 69.3 69.3 70.2 2208 950 5.244
1787276778 77.6 76.7 75.8 77.6 2208 950 5.206
1787276779 77.6 77.6 77.6 79.5 2208 950 5.244
1787276780 72.1 71.2 71.2 72.1 2208 950 5.322
1787276782 75.8 73.9 73.9 75.8 2208 950 5.269
1787276783 71.2 69.3 70.2 70.2 2208 950 5.298
1787276784 71.2 69.3 70.2 70.2 2208 950 5.283
1787276785 72.1 72.1 71.2 73.9 2208 950 5.254
1787276786 73.0 71.2 71.2 73.0 2208 950 5.273
1787276787 70.2 69.3 69.3 70.2 2208 950 5.244
1787276788 73.0 73.0 73.0 75.8 2208 950 5.269
1787276789 77.6 77.6 76.7 78.5 2208 950 5.317
1787276790 78.5 77.6 77.6 79.5 2208 950 5.225
1787276791 78.5 78.5 77.6 80.4 2208 950 5.230
1787276793 73.0 71.2 71.2 73.0 2208 950 5.293
1787276794 71.2 70.2 70.2 71.2 2208 950 5.317
1787276795 70.2 69.3 69.3 70.2 2208 950 5.249
1787276796 69.3 68.4 68.4 69.3 2208 950 5.317
1787276797 75.8 75.8 74.8 77.6 2208 950 5.220
1787276798 73.9 73.9 73.9 75.8 2208 950 5.244
1787276799 78.5 77.6 77.6 79.5 2208 950 5.177
1787276800 73.0 72.1 72.1 73.0 2208 950 5.244
1787276801 71.2 69.3 70.2 71.2 2208 950 5.235
1787276802 73.9 73.9 73.9 75.8 2208 950 5.235
1787276804 77.6 76.7 76.7 78.5 2208 950 5.244
1787276805 72.1 70.2 70.2 72.1 2208 950 5.288
1787276806 72.1 71.2 71.2 73.0 2208 950 5.235
1787276807 75.8 74.8 74.8 76.7 2208 950 5.254
1787276808 73.9 72.1 73.0 73.9 2208 950 5.322
1787276809 70.2 69.3 69.3 71.2 2208 950 5.327
1787276810 74.8 73.9 73.9 75.8 2208 950 5.211
1787276811 78.5 78.5 77.6 79.5 2208 950 5.249
1787276812 72.1 71.2 71.2 72.1 2208 950 5.254
1787276813 70.2 69.3 69.3 70.2 2208 950 5.244
1787276814 74.8 74.8 73.9 75.8 2208 950 5.240
1787276816 77.6 76.7 76.7 78.5 2208 950 5.259
1787276817 72.1 70.2 71.2 72.1 2208 950 5.293
1787276818 73.0 72.1 72.1 73.9 2208 950 5.215
1787276819 78.5 78.5 77.6 79.5 2208 950 5.215
1787276820 75.8 73.9 73.9 74.8 2208 950 5.283
1787276821 71.2 70.2 70.2 72.1 2208 950 5.254
1787276822 76.7 76.7 76.7 78.5 2208 950 5.259
1787276823 79.5 79.5 78.5 80.4 2208 950 5.240
1787276824 73.0 72.1 73.0 73.9 2208 950 5.264
1787276825 71.2 69.3 70.2 71.2 2208 950 5.249
1787276827 76.7 76.7 76.7 77.6 2208 950 5.249
1787276828 78.5 78.5 77.6 78.5 2208 950 5.273
1787276829 73.0 71.2 72.1 73.0 2208 950 5.307
1787276830 71.2 69.3 70.2 71.2 2208 950 5.327
1787276831 70.2 68.4 69.3 71.2 2208 950 5.273
1787276832 70.2 68.4 68.4 69.3 2208 950 5.249
1787276833 69.3 67.5 68.4 69.3 2208 950 5.283
1787276834 68.4 67.5 67.5 68.4 2208 950 5.249
1787276835 68.4 67.5 67.5 68.4 2208 950 5.312
1787276836 68.4 66.5 66.5 68.4 2208 950 5.312
1787276837 68.4 66.5 66.5 68.4 2208 950 5.293
1787276838 67.5 65.6 66.5 67.5 2208 950 5.307
1787276839 67.5 65.6 66.5 67.5 2208 950 5.259
1787276840 66.5 65.6 65.6 67.5 2208 950 5.283
1787276842 66.5 65.6 65.6 66.5 2208 950 5.254
1787276843 66.5 64.7 65.6 66.5 2208 950 5.269
1787276844 66.5 64.7 65.6 66.5 2208 950 5.307
1787276845 66.5 65.6 65.6 66.5 2208 950 5.293
1787276846 65.6 64.7 64.7 66.5 2208 950 5.312
1787276847 65.6 64.7 64.7 65.6 2208 950 5.254
1787276848 65.6 64.7 64.7 65.6 2208 950 5.264
1787276849 65.6 63.8 64.7 64.7 2208 950 5.235
1787276850 65.6 63.8 63.8 65.6 2208 950 5.278
1787276851 65.6 63.8 63.8 65.6 2208 950 5.254
1787276852 67.5 67.5 67.5 68.4 2208 950 5.264
1787276853 70.2 70.2 69.3 71.2 2208 950 5.235
1787276854 71.2 70.2 70.2 72.1 2208 950 5.264
1787276855 72.1 72.1 71.2 72.1 2208 950 5.201
1787276857 72.1 72.1 72.1 73.0 2208 950 5.191
1787276858 73.0 72.1 72.1 73.9 2208 950 5.269
1787276859 73.9 73.0 73.0 73.9 2208 950 5.254
1787276860 73.0 73.0 72.1 73.9 2208 950 5.240
1787276861 73.9 73.0 73.0 73.9 2208 950 5.225
1787276862 73.9 73.0 73.0 73.9 2208 950 5.254
1787276863 69.3 68.4 68.4 70.2 2208 950 5.283
1787276864 69.3 67.5 67.5 69.3 2208 950 5.259
1787276865 73.9 73.9 73.0 74.8 2208 950 5.244
1787276866 75.8 75.8 74.8 76.7 2208 950 5.220
1787276867 76.7 76.7 75.8 77.6 2208 950 5.254
1787276868 77.6 76.7 76.7 78.5 2208 950 5.220
1787276870 77.6 78.5 77.6 79.5 2208 950 5.215
1787276871 79.5 78.5 77.6 80.4 2208 950 5.186
1787276872 78.5 78.5 77.6 80.4 2208 950 5.215
1787276873 80.4 79.5 79.5 82.2 2208 950 5.211
1787276874 80.4 80.4 79.5 82.2 2208 950 5.148
1787276875 80.4 80.4 79.5 81.3 2208 950 5.230
1787276877 80.4 80.4 79.5 81.3 2208 950 5.215
1787276878 81.3 81.3 80.4 83.2 2208 950 5.196
1787276879 82.2 81.3 80.4 83.2 2208 950 5.211
1787276880 81.3 80.4 80.4 82.2 2208 950 5.225
1787276881 82.2 82.2 81.3 83.2 2208 950 5.225
1787276882 82.2 81.3 81.3 83.2 2208 950 5.206
1787276883 82.2 82.2 81.3 84.1 2208 950 5.196
1787276885 82.2 82.2 81.3 83.2 2208 950 5.225
1787276886 83.2 82.2 82.2 84.1 2208 950 5.259
1787276887 84.1 83.2 82.2 85.0 2208 950 5.215
1787276888 83.2 82.2 81.3 84.1 2208 950 5.235
1787276889 83.2 82.2 82.2 84.1 2208 950 5.206
1787276890 84.1 84.1 83.2 85.9 2208 950 5.235
1787276891 83.2 82.2 82.2 84.1 2208 950 5.211
1787276893 84.1 83.2 83.2 85.9 2208 950 5.235
1787276894 84.1 84.1 84.1 85.0 2208 950 5.254
1787276895 84.1 83.2 83.2 84.1 2208 950 5.264
1787276896 84.1 84.1 83.2 85.0 2208 950 5.196
1787276897 84.1 84.1 83.2 85.9 2016 950 5.240
1787276898 84.1 84.1 84.1 85.0 2208 950 5.211
1787276899 84.1 84.1 84.1 85.9 2016 950 5.264
1787276900 84.1 84.1 84.1 85.0 2208 950 5.220
1787276902 85.0 85.0 84.1 85.9 2016 950 5.240
1787276903 85.0 84.1 84.1 85.0 2208 950 5.220
1787276904 85.0 85.0 84.1 85.9 2016 950 5.172
1787276905 85.0 85.0 84.1 85.9 2016 950 5.244
1787276906 85.0 85.0 85.0 86.8 2016 950 5.235
1787276907 85.0 85.0 84.1 85.9 1800 950 5.235
1787276908 85.0 85.0 84.1 85.9 1800 950 5.220
1787276910 85.0 85.0 84.1 85.9 2016 950 5.230
1787276911 85.0 85.0 84.1 85.0 2016 950 5.244
1787276912 85.0 85.0 84.1 85.9 2016 950 5.230
1787276913 85.0 85.0 84.1 85.9 2016 950 5.235
1787276914 85.9 85.9 85.0 86.8 1800 950 5.235
1787276915 85.9 85.9 85.0 85.9 1800 950 5.244
1787276916 85.0 85.0 84.1 85.9 1800 950 5.269
1787276918 85.0 85.0 84.1 85.9 1800 950 5.235
1787276919 85.9 85.9 85.0 85.9 2016 950 5.220
1787276920 85.0 85.0 84.1 85.9 1800 950 5.244
1787276921 85.0 85.0 84.1 85.9 1800 950 5.215
1787276922 85.0 85.0 84.1 85.9 1800 950 5.249
1787276923 85.9 85.0 85.0 85.9 1800 950 5.235
1787276924 85.9 85.9 85.0 85.9 1800 950 5.244
1787276926 82.2 80.4 81.3 82.2 2208 950 5.312
1787276927 78.5 76.7 77.6 78.5 2208 950 5.225
1787276928 76.7 75.8 75.8 76.7 2208 950 5.322
1787276929 76.7 74.8 75.8 77.6 2208 950 5.317
1787276930 75.8 73.9 73.9 75.8 2208 950 5.317
1787276931 74.8 73.0 73.9 74.8 2208 950 5.264
1787276932 73.9 73.0 73.0 74.8 2208 950 5.273
1787276933 73.0 72.1 72.1 73.9 2208 950 5.249
1787276934 73.0 72.1 72.1 73.0 2208 950 5.254
1787276935 73.0 71.2 71.2 73.0 2208 950 5.327
1787276936 72.1 71.2 71.2 72.1 2208 950 5.322
1787276937 72.1 70.2 71.2 73.0 2208 950 5.264
1787276938 72.1 70.2 70.2 71.2 2208 950 5.288
1787276940 72.1 70.2 70.2 72.1 2208 950 5.317
1787276941 71.2 69.3 70.2 71.2 2208 950 5.312
1787276942 71.2 69.3 70.2 71.2 2208 950 5.220
1787276943 70.2 69.3 69.3 70.2 2208 950 5.322
1787276944 70.2 68.4 69.3 70.2 2208 950 5.302
1787276945 70.2 68.4 69.3 70.2 2208 950 5.215
1787276946 70.2 68.4 68.4 70.2 2208 950 5.293
1787276947 69.3 68.4 68.4 70.2 2208 950 5.240
1787276948 69.3 68.4 68.4 69.3 2208 950 5.283
1787276949 69.3 68.4 68.4 70.2 2208 950 5.307
1787276950 74.8 74.8 73.9 76.7 2208 950 5.235
1787276951 73.0 71.2 72.1 73.0 2208 950 5.269
1787276952 71.2 69.3 70.2 71.2 2208 950 5.240
1787276953 73.9 73.9 73.0 74.8 2208 950 5.264
1787276955 76.7 75.8 74.8 76.7 2208 950 5.269
1787276956 72.1 71.2 71.2 72.1 2208 950 5.254
1787276957 70.2 69.3 70.2 71.2 2208 950 5.302
1787276958 71.2 69.3 70.2 71.2 2208 950 5.331
1787276959 70.2 69.3 69.3 70.2 2208 950 5.254
1787276960 75.8 75.8 74.8 77.6 2208 950 5.240
1787276961 71.2 69.3 70.2 70.2 2208 950 5.302
1787276962 70.2 69.3 69.3 71.2 2208 950 5.312
1787276963 70.2 68.4 69.3 70.2 2208 950 5.264
1787276964 69.3 67.5 67.5 69.3 2208 950 5.240
1787276965 69.3 67.5 67.5 68.4 2208 950 5.264
1787276966 75.8 75.8 74.8 76.7 2208 950 5.230
1787276968 74.8 73.9 73.9 76.7 2208 950 5.293
1787276969 76.7 75.8 75.8 77.6 2208 950 5.244
1787276970 72.1 71.2 71.2 72.1 2208 950 5.240
1787276971 70.2 69.3 69.3 70.2 2208 950 5.273
1787276972 78.5 77.6 76.7 79.5 2208 950 5.196
1787276973 78.5 77.6 77.6 79.5 2208 950 5.307
1787276974 72.1 71.2 71.2 72.1 2208 950 5.254
1787276975 73.9 73.9 73.0 75.8 2208 950 5.259
1787276976 77.6 77.6 77.6 79.5 2208 950 5.254
1787276977 73.9 73.0 73.0 73.9 2208 950 5.302
1787276979 71.2 70.2 70.2 71.2 2208 950 5.273
1787276980 75.8 75.8 75.8 77.6 2208 950 5.177
1787276981 79.5 79.5 78.5 81.3 2208 950 5.215
1787276982 73.0 72.1 72.1 73.0 2208 950 5.341
1787276983 71.2 70.2 71.2 73.9 2208 950 5.225
1787276984 78.5 78.5 77.6 80.4 2208 950 5.201
1787276985 78.5 78.5 77.6 79.5 2208 950 5.235
1787276986 79.5 78.5 78.5 79.5 2208 950 5.230
1787276988 73.9 73.0 73.0 73.9 2208 950 5.317
1787276989 72.1 72.1 72.1 73.9 2208 950 5.230
1787276990 79.5 78.5 78.5 79.5 2208 950 5.225
1787276991 73.0 71.2 71.2 73.9 2208 950 5.293
1787276992 72.1 70.2 70.2 71.2 2208 950 5.307
1787276993 74.8 74.8 73.9 75.8 2208 950 5.215
1787276994 71.2 70.2 70.2 71.2 2208 950 5.307
1787276995 71.2 70.2 70.2 72.1 2208 950 5.307
1787276996 70.2 68.4 69.3 70.2 2208 950 5.259
1787276997 75.8 74.8 74.8 76.7 2208 950 5.244
1787276998 72.1 71.2 71.2 72.1 2208 950 5.293
1787276999 74.8 74.8 74.8 77.6 2208 950 5.225
1787277001 78.5 77.6 77.6 79.5 2208 950 5.220
1787277002 73.9 72.1 73.0 73.0 2208 950 5.317
1787277003 74.8 74.8 73.9 76.7 2208 950 5.211
1787277004 72.1 71.2 71.2 73.0 2208 950 5.293
1787277005 71.2 69.3 69.3 71.2 2208 950 5.273
1787277006 73.9 73.9 73.0 75.8 2208 950 5.278
1787277007 78.5 77.6 77.6 79.5 2208 950 5.206
1787277008 77.6 78.5 77.6 80.4 2208 950 5.230
1787277009 77.6 77.6 76.7 79.5 2208 950 5.211
1787277011 78.5 77.6 77.6 79.5 2208 950 5.225
1787277012 74.8 73.0 73.0 73.9 2208 950 5.230
1787277013 75.8 74.8 74.8 77.6 2208 950 5.211
1787277014 80.4 79.5 78.5 80.4 2208 950 5.215
1787277015 73.0 71.2 72.1 73.0 2208 950 5.254
1787277016 72.1 70.2 70.2 72.1 2208 950 5.254
1787277017 70.2 69.3 69.3 71.2 2208 950 5.225
1787277018 75.8 74.8 73.9 76.7 2208 950 5.186
1787277019 74.8 73.9 73.9 74.8 2208 950 5.254
1787277020 71.2 70.2 70.2 71.2 2208 950 5.317
1787277021 74.8 74.8 73.9 75.8 2208 950 5.307
1787277023 76.7 76.7 75.8 77.6 2208 950 5.254
1787277024 73.9 72.1 73.0 73.9 2208 950 5.307
1787277025 71.2 69.3 69.3 70.2 2208 950 5.322
1787277026 70.2 68.4 69.3 70.2 2208 950 5.293
1787277027 69.3 68.4 68.4 70.2 2208 950 5.293
1787277028 69.3 67.5 68.4 69.3 2208 950 5.273
1787277029 68.4 67.5 67.5 69.3 2208 950 5.273
1787277030 68.4 67.5 67.5 68.4 2208 950 5.307
1787277031 68.4 66.5 67.5 68.4 2208 950 5.220
1787277032 68.4 66.5 66.5 68.4 2208 950 5.317
1787277033 67.5 66.5 66.5 67.5 2208 950 5.244
1787277034 67.5 66.5 66.5 67.5 2208 950 5.259
1787277035 67.5 65.6 66.5 67.5 2208 950 5.278
1787277036 67.5 65.6 65.6 67.5 2208 950 5.317
1787277038 66.5 65.6 65.6 66.5 2208 950 5.249
1787277039 66.5 64.7 65.6 66.5 2208 950 5.293
1787277040 66.5 65.6 65.6 66.5 2208 950 5.283
1787277041 66.5 64.7 64.7 66.5 2208 950 5.235
1787277042 66.5 64.7 64.7 66.5 2208 950 5.278
1787277043 66.5 64.7 64.7 66.5 2208 950 5.327
1787277044 65.6 64.7 64.7 65.6 2208 950 5.254
1787277045 65.6 63.8 64.7 65.6 2208 950 5.273
1787277046 65.6 64.7 64.7 65.6 2208 950 5.302
1787277047 65.6 63.8 63.8 65.6 2208 950 5.307
1787277048 64.7 63.8 63.8 66.5 2208 950 5.191
1787277049 65.6 64.7 64.7 65.6 2208 950 5.235
1787277050 65.6 63.8 64.7 65.6 2208 950 5.288
1787277052 66.5 66.5 65.6 68.4 2208 950 5.264
1787277053 73.0 72.1 72.1 73.9 2208 950 5.240
1787277054 67.5 65.6 66.5 67.5 2208 950 5.288
1787277055 68.4 68.4 68.4 70.2 2208 950 5.298
1787277056 73.0 73.0 72.1 74.8 2208 950 5.264
1787277057 74.8 74.8 73.9 76.7 2208 950 5.220
1787277058 76.7 75.8 75.8 77.6 2208 950 5.230
1787277059 71.2 69.3 69.3 71.2 2208 950 5.327
1787277060 68.4 67.5 67.5 68.4 2208 950 5.293
1787277061 68.4 66.5 66.5 68.4 2208 950 5.244
1787277062 68.4 67.5 67.5 68.4 2208 950 5.254
1787277064 67.5 66.5 66.5 67.5 2208 950 5.283
1787277065 73.0 73.0 72.1 73.9 2208 950 5.215
1787277066 68.4 67.5 67.5 68.4 2208 950 5.244
1787277067 67.5 65.6 66.5 67.5 2208 950 5.312
1787277068 73.0 73.0 72.1 73.9 2208 950 5.244
1787277069 72.1 71.2 71.2 72.1 2208 950 5.273
1787277070 68.4 67.5 67.5 68.4 2208 950 5.317
1787277071 70.2 69.3 69.3 71.2 2208 950 5.264
1787277072 68.4 66.5 66.5 67.5 2208 950 5.269
1787277073 72.1 71.2 70.2 72.1 2208 950 5.249
1787277074 73.9 73.9 73.0 75.8 2208 950 5.196
1787277076 69.3 68.4 68.4 69.3 2208 950 5.264
1787277077 72.1 71.2 71.2 72.1 2208 950 5.307
1787277078 73.9 73.9 73.0 75.8 2208 950 5.230
1787277079 76.7 76.7 75.8 76.7 2208 950 5.293
1787277080 69.3 67.5 68.4 69.3 2208 950 5.317
1787277081 71.2 71.2 70.2 73.0 2208 950 5.196
1787277082 72.1 72.1 72.1 73.0 2208 950 5.249
1787277083 72.1 71.2 71.2 72.1 2208 950 5.254
1787277084 68.4 67.5 68.4 69.3 2208 950 5.283
1787277085 68.4 66.5 66.5 68.4 2208 950 5.269
1787277086 68.4 68.4 68.4 71.2 2208 950 5.254
1787277088 72.1 71.2 70.2 73.0 2208 950 5.206
1787277089 68.4 67.5 67.5 68.4 2208 950 5.317
1787277090 74.8 74.8 73.9 74.8 2208 950 5.244
1787277091 74.8 74.8 73.9 76.7 2208 950 5.230
1787277092 69.3 67.5 68.4 69.3 2208 950 5.312
1787277093 68.4 66.5 66.5 68.4 2208 950 5.259
1787277094 73.9 73.0 72.1 73.9 2208 950 5.240
1787277095 74.8 74.8 73.9 75.8 2208 950 5.254
1787277096 76.7 76.7 75.8 77.6 2208 950 5.230
1787277097 72.1 71.2 71.2 72.1 2208 950 5.249
1787277098 73.9 73.9 73.9 75.8 2208 950 5.230
1787277100 70.2 69.3 68.4 70.2 2208 950 5.288
1787277101 68.4 67.5 67.5 68.4 2208 950 5.302
1787277102 73.9 73.9 73.0 74.8 2208 950 5.269
1787277103 76.7 75.8 75.8 77.6 2208 950 5.196
1787277104 70.2 69.3 69.3 70.2 2208 950 5.317
1787277105 74.8 74.8 74.8 76.7 2208 950 5.225
1787277106 75.8 75.8 74.8 76.7 2208 950 5.177
1787277107 75.8 75.8 74.8 76.7 2208 950 5.273
1787277109 74.8 74.8 73.9 76.7 2208 950 5.220
1787277110 72.1 70.2 70.2 72.1 2208 950 5.293
1787277111 76.7 76.7 75.8 77.6 2208 950 5.264
1787277112 77.6 77.6 76.7 78.5 2208 950 5.220
1787277113 72.1 71.2 71.2 72.1 2208 950 5.302
1787277114 74.8 74.8 73.9 76.7 2208 950 5.225
1787277115 76.7 74.8 74.8 75.8 2208 950 5.273
1787277116 71.2 69.3 69.3 70.2 2208 950 5.254
1787277117 70.2 68.4 68.4 69.3 2208 950 5.307
1787277118 76.7 75.8 74.8 77.6 2208 950 5.201
1787277119 71.2 70.2 70.2 71.2 2208 950 5.283
1787277121 70.2 68.4 68.4 69.3 2208 950 5.249
1787277122 69.3 67.5 67.5 68.4 2208 950 5.273
1787277123 76.7 75.8 75.8 76.7 2208 950 5.293
1787277124 69.3 68.4 68.4 70.2 2208 950 5.235
1787277125 69.3 68.4 68.4 69.3 2208 950 5.249
1787277126 68.4 66.5 67.5 68.4 2208 950 5.225
1787277127 67.5 66.5 66.5 68.4 2208 950 5.259
1787277128 67.5 65.6 66.5 67.5 2208 950 5.273
1787277129 66.5 65.6 65.6 66.5 2208 950 5.264
1787277130 66.5 65.6 65.6 66.5 2208 950 5.312
1787277131 66.5 64.7 65.6 66.5 2208 950 5.269
1787277132 66.5 64.7 64.7 65.6 2208 950 5.244
1787277133 66.5 64.7 64.7 66.5 2208 950 5.254
1787277134 65.6 64.7 64.7 66.5 2208 950 5.264
1787277135 65.6 63.8 63.8 65.6 2208 950 5.293
1787277137 65.6 63.8 64.7 65.6 2208 950 5.312
1787277138 65.6 63.8 63.8 64.7 2208 950 5.269
1787277139 64.7 63.8 63.8 64.7 2208 950 5.254
1787277140 64.7 63.8 63.8 64.7 2208 950 5.244
1787277141 64.7 63.8 63.8 64.7 2208 950 5.283
1787277142 64.7 63.8 63.8 64.7 2208 950 5.269
1787277143 64.7 62.8 63.8 64.7 2208 950 5.312
1787277144 63.8 62.8 63.8 64.7 2208 950 5.312
1787277145 64.7 62.8 62.8 64.7 2208 950 5.269
1787277146 63.8 62.8 62.8 63.8 2208 950 5.283
1787277147 67.5 67.5 67.5 69.3 2208 950 5.225
1787277148 72.1 71.2 71.2 73.0 2208 950 5.196
1787277150 66.5 65.6 65.6 66.5 2208 950 5.288
1787277151 68.4 67.5 66.5 68.4 2208 950 5.273
1787277152 71.2 71.2 70.2 72.1 2208 950 5.269
1787277153 70.2 68.4 69.3 70.2 2208 950 5.264
1787277154 67.5 65.6 65.6 67.5 2208 950 5.293
1787277155 68.4 66.5 67.5 68.4 2208 950 5.273
1787277156 66.5 65.6 64.7 66.5 2208 950 5.240
1787277157 68.4 66.5 66.5 67.5 2208 950 5.302
1787277158 65.6 64.7 64.7 66.5 2208 950 5.293
1787277159 64.7 63.8 63.8 65.6 2208 950 5.278
1787277160 65.6 63.8 63.8 65.6 2208 950 5.293
1787277161 64.7 63.8 63.8 64.7 2208 950 5.273
1787277162 64.7 62.8 62.8 64.7 2208 950 5.293
1787277163 63.8 62.8 62.8 64.7 2208 950 5.307
1787277164 63.8 61.9 62.8 63.8 2208 950 5.244
1787277166 66.5 65.6 65.6 67.5 2208 950 5.230
1787277167 73.0 72.1 71.2 73.0 2208 950 5.293
1787277168 66.5 64.7 64.7 65.6 2208 950 5.240
1787277169 69.3 68.4 68.4 70.2 2208 950 5.201
1787277170 68.4 69.3 68.4 71.2 2208 950 5.254
1787277171 68.4 67.5 67.5 69.3 2208 950 5.317
1787277172 66.5 64.7 64.7 65.6 2208 950 5.283
1787277173 68.4 68.4 68.4 69.3 2208 950 5.244
1787277174 72.1 72.1 72.1 73.9 2208 950 5.220
1787277176 67.5 66.5 66.5 67.5 2208 950 5.254
1787277177 65.6 64.7 64.7 65.6 2208 950 5.269
1787277178 72.1 72.1 71.2 73.0 2208 950 5.249
1787277179 70.2 69.3 69.3 70.2 2208 950 5.317
1787277180 66.5 65.6 65.6 66.5 2208 950 5.293
1787277181 70.2 68.4 68.4 70.2 2208 950 5.312
1787277182 66.5 65.6 64.7 66.5 2208 950 5.230
1787277183 71.2 71.2 70.2 73.0 2208 950 5.211
1787277184 72.1 72.1 71.2 73.0 2208 950 5.278
1787277185 69.3 67.5 67.5 68.4 2208 950 5.235
1787277186 73.9 73.0 73.0 73.9 2208 950 5.278
1787277187 73.0 73.0 73.0 74.8 2208 950 5.220
1787277189 75.8 74.8 74.8 76.7 2208 950 5.225
1787277190 69.3 67.5 67.5 69.3 2208 950 5.273
1787277191 69.3 69.3 69.3 72.1 2208 950 5.235
1787277192 75.8 74.8 73.9 76.7 2208 950 5.177
1787277193 73.9 73.9 73.9 75.8 2208 950 5.235
1787277194 75.8 75.8 74.8 77.6 2208 950 5.215
1787277195 71.2 69.3 69.3 71.2 2208 950 5.302
1787277196 68.4 67.5 67.5 69.3 2208 950 5.254
1787277198 74.8 74.8 73.9 75.8 2208 950 5.220
1787277199 75.8 76.7 75.8 77.6 2208 950 5.269
1787277200 69.3 68.4 68.4 69.3 2208 950 5.317
1787277201 70.2 70.2 70.2 73.0 2208 950 5.182
1787277202 75.8 75.8 74.8 77.6 2208 950 5.240
1787277203 71.2 70.2 70.2 71.2 2208 950 5.331
1787277204 68.4 67.5 67.5 68.4 2208 950 5.273
1787277205 70.2 68.4 69.3 70.2 2208 950 5.249
1787277206 73.9 72.1 72.1 73.0 2208 950 5.278
1787277207 74.8 74.8 73.9 75.8 2208 950 5.244
1787277208 75.8 74.8 74.8 76.7 2208 950 5.196
1787277210 70.2 69.3 68.4 70.2 2208 950 5.302
1787277211 73.9 73.0 73.0 74.8 2208 950 5.196
1787277212 73.9 73.0 73.9 73.9 2208 950 5.259
1787277213 69.3 68.4 68.4 69.3 2208 950 5.293
1787277214 68.4 67.5 67.5 68.4 2208 950 5.307
1787277215 67.5 65.6 66.5 67.5 2208 950 5.264
1787277216 73.0 73.0 72.1 73.9 2208 950 5.225
1787277217 69.3 68.4 68.4 69.3 2208 950 5.307
1787277218 68.4 66.5 66.5 67.5 2208 950 5.264
1787277219 72.1 72.1 71.2 73.0 2208 950 5.220
1787277220 75.8 74.8 74.8 76.7 2208 950 5.225
1787277222 70.2 68.4 69.3 70.2 2208 950 5.288
1787277223 68.4 66.5 66.5 67.5 2208 950 5.254
1787277224 67.5 66.5 66.5 67.5 2208 950 5.278
1787277225 66.5 65.6 65.6 66.5 2208 950 5.254
1787277226 66.5 64.7 64.7 66.5 2208 950 5.225
1787277227 66.5 64.7 64.7 65.6 2208 950 5.317
1787277228 65.6 63.8 64.7 66.5 2208 950 5.322
1787277229 65.6 63.8 63.8 64.7 2208 950 5.283
1787277230 64.7 63.8 63.8 65.6 2208 950 5.317
1787277231 64.7 62.8 63.8 64.7 2208 950 5.259
1787277232 64.7 62.8 62.8 64.7 2208 950 5.254
1787277233 64.7 62.8 62.8 64.7 2208 950 5.317
1787277234 63.8 62.8 62.8 63.8 2208 950 5.293
1787277235 63.8 61.9 62.8 64.7 2208 950 5.312
1787277237 63.8 61.9 62.8 63.8 2208 950 5.298
1787277238 63.8 61.9 61.9 63.8 2208 950 5.288
1787277239 62.8 61.9 61.9 63.8 2208 950 5.249
1787277240 62.8 61.9 61.9 62.8 2208 950 5.230
1787277241 62.8 61.9 61.9 62.8 2208 950 5.317
1787277242 62.8 61.0 61.9 62.8 2208 950 5.298
1787277243 62.8 61.0 61.0 62.8 2208 950 5.293
1787277244 61.9 61.0 61.0 62.8 2208 950 5.249
1787277245 61.9 61.0 61.0 61.9 2208 950 5.312
1787277246 61.9 61.0 61.0 61.9 2208 950 5.278
1787277247 62.8 61.0 61.0 62.8 2208 950 5.317
1787277248 68.4 67.5 66.5 68.4 2208 950 5.211
1787277249 63.8 61.9 62.8 63.8 2208 950 5.307
1787277250 66.5 66.5 65.6 66.5 2208 950 5.235
1787277251 66.5 65.6 65.6 66.5 2208 950 5.327
1787277253 67.5 65.6 66.5 67.5 2208 950 5.235
1787277254 66.5 64.7 64.7 65.6 2208 950 5.254
1787277255 63.8 62.8 62.8 63.8 2208 950 5.312
1787277256 62.8 61.9 61.9 62.8 2208 950 5.249
1787277257 62.8 61.0 61.0 61.9 2208 950 5.278
1787277258 62.8 61.0 61.0 62.8 2208 950 5.302
1787277259 62.8 61.0 61.9 62.8 2208 950 5.259
1787277260 65.6 65.6 64.7 66.5 2208 950 5.220
1787277261 68.4 67.5 66.5 68.4 2208 950 5.283
1787277262 67.5 65.6 66.5 66.5 2208 950 5.283
1787277263 70.2 70.2 70.2 72.1 2208 950 5.182
1787277264 70.2 70.2 70.2 72.1 2208 950 5.235
1787277266 65.6 63.8 63.8 65.6 2208 950 5.235
1787277267 69.3 68.4 68.4 70.2 2208 950 5.196
1787277268 67.5 66.5 66.5 67.5 2208 950 5.288
1787277269 71.2 71.2 70.2 72.1 2208 950 5.230
1787277270 71.2 71.2 70.2 73.0 2208 950 5.211
1787277271 67.5 65.6 66.5 66.5 2208 950 5.307
1787277272 65.6 63.8 63.8 64.7 2208 950 5.293
1787277273 70.2 70.2 69.3 72.1 2208 950 5.244
1787277274 66.5 64.7 64.7 66.5 2208 950 5.259
1787277275 68.4 67.5 67.5 69.3 2208 950 5.240
1787277277 71.2 71.2 70.2 72.1 2208 950 5.307
1787277278 65.6 64.7 64.7 66.5 2208 950 5.269
1787277279 64.7 63.8 62.8 64.7 2208 950 5.254
1787277280 63.8 61.9 62.8 63.8 2208 950 5.264
1787277281 66.5 64.7 65.6 66.5 2208 950 5.322
1787277282 72.1 71.2 71.2 72.1 2208 950 5.254
1787277283 72.1 72.1 71.2 73.0 2208 950 5.215
1787277284 67.5 65.6 65.6 66.5 2208 950 5.269
1787277285 65.6 64.7 64.7 65.6 2208 950 5.240
1787277286 72.1 72.1 71.2 72.1 2208 950 5.302
1787277287 70.2 69.3 69.3 71.2 2208 950 5.235
1787277288 66.5 64.7 65.6 66.5 2208 950 5.317
1787277290 69.3 68.4 68.4 70.2 2208 950 5.211
1787277291 73.9 73.9 73.0 74.8 2208 950 5.254
1787277292 67.5 65.6 65.6 66.5 2208 950 5.269
1787277293 70.2 71.2 69.3 71.2 2208 950 5.269
1787277294 69.3 68.4 68.4 69.3 2208 950 5.273
1787277295 66.5 64.7 64.7 66.5 2208 950 5.327
1787277296 66.5 64.7 65.6 68.4 2208 950 5.283
1787277297 66.5 64.7 64.7 66.5 2208 950 5.283
1787277298 64.7 63.8 63.8 64.7 2208 950 5.283
1787277299 71.2 70.2 70.2 72.1 2208 950 5.220
1787277301 70.2 68.4 69.3 69.3 2208 950 5.312
1787277302 72.1 70.2 71.2 72.1 2208 950 5.288
1787277303 71.2 69.3 69.3 70.2 2208 950 5.254
1787277304 66.5 65.6 65.6 66.5 2208 950 5.293
1787277305 71.2 71.2 70.2 72.1 2208 950 5.230
1787277306 73.9 73.0 73.0 74.8 2208 950 5.230
1787277307 67.5 65.6 66.5 67.5 2208 950 5.240
1787277308 69.3 69.3 68.4 71.2 2208 950 5.215
1787277309 67.5 65.6 65.6 67.5 2208 950 5.327
1787277310 65.6 64.7 64.7 66.5 2208 950 5.293
1787277311 72.1 71.2 71.2 73.0 2208 950 5.244
1787277313 73.0 73.0 72.1 73.9 2208 950 5.244
1787277314 72.1 71.2 71.2 73.0 2208 950 5.240
1787277315 68.4 66.5 66.5 68.4 2208 950 5.273
1787277316 69.3 68.4 68.4 70.2 2208 950 5.283
1787277317 70.2 68.4 69.3 70.2 2208 950 5.327
1787277318 70.2 68.4 69.3 70.2 2208 950 5.288
1787277319 67.5 65.6 65.6 66.5 2208 950 5.244
1787277320 73.0 73.0 72.1 73.9 2208 950 5.249
1787277321 68.4 67.5 67.5 69.3 2208 950 5.302
1787277322 67.5 66.5 66.5 67.5 2208 950 5.293
1787277323 66.5 64.7 64.7 65.6 2208 950 5.288
1787277324 65.6 63.8 64.7 65.6 2208 950 5.293
1787277325 64.7 63.8 63.8 65.6 2208 950 5.288
1787277327 64.7 62.8 62.8 64.7 2208 950 5.254
1787277328 64.7 62.8 62.8 63.8 2208 950 5.293
1787277329 63.8 62.8 62.8 63.8 2208 950 5.264
1787277330 63.8 61.9 62.8 63.8 2208 950 5.254
1787277331 62.8 61.9 61.9 63.8 2208 950 5.254
1787277332 62.8 61.9 61.9 62.8 2208 950 5.312
1787277333 62.8 61.9 61.9 62.8 2208 950 5.317
1787277334 62.8 61.9 61.9 62.8 2208 950 5.254
1787277335 62.8 61.0 61.9 62.8 2208 950 5.273
1787277336 62.8 61.0 61.0 61.9 2208 950 5.293
1787277337 62.8 61.0 61.0 62.8 2208 950 5.312
1787277338 61.9 61.0 61.0 62.8 2208 950 5.269
1787277339 61.9 61.0 61.0 61.9 2208 950 5.254
1787277340 61.9 61.0 61.0 61.9 2208 950 5.322
1787277342 61.9 60.1 61.0 61.9 2208 950 5.317
1787277343 61.9 60.1 61.0 61.9 2208 950 5.327
1787277344 61.9 60.1 60.1 61.9 2208 950 5.312
1787277345 61.9 60.1 61.0 61.9 2208 950 5.293
1787277346 65.6 65.6 64.7 65.6 2208 950 5.215
1787277347 66.5 67.5 66.5 67.5 2208 950 5.283
1787277348 68.4 67.5 67.5 68.4 2208 950 5.215
1787277349 68.4 67.5 67.5 68.4 2208 950 5.244
1787277350 68.4 67.5 67.5 68.4 2208 950 5.240
1787277351 69.3 68.4 68.4 69.3 2208 950 5.254
1787277352 69.3 69.3 68.4 70.2 2208 950 5.293
1787277353 70.2 69.3 69.3 70.2 2208 950 5.220
1787277354 70.2 69.3 69.3 69.3 2208 950 5.235
1787277355 68.4 67.5 67.5 68.4 2208 950 5.264
1787277356 65.6 63.8 64.7 65.6 2208 950 5.273
1787277358 64.7 63.8 63.8 64.7 2208 950 5.302
1787277359 71.2 71.2 70.2 72.1 2208 950 5.201
1787277360 72.1 72.1 71.2 73.0 2208 950 5.235
1787277361 73.9 73.0 73.0 73.9 2208 950 5.215
1787277362 74.8 74.8 73.9 75.8 2208 950 5.220
1787277363 74.8 73.9 73.0 74.8 2208 950 5.215
1787277364 74.8 74.8 73.9 75.8 2208 950 5.225
1787277365 75.8 75.8 75.8 77.6 2208 950 5.182
1787277366 76.7 75.8 74.8 76.7 2208 950 5.254
1787277368 76.7 76.7 75.8 77.6 2208 950 5.172
1787277369 77.6 77.6 76.7 78.5 2208 950 5.225
1787277370 77.6 76.7 76.7 78.5 2208 950 5.240
1787277371 78.5 77.6 77.6 79.5 2208 950 5.215
1787277372 77.6 76.7 76.7 78.5 2208 950 5.211
1787277373 78.5 77.6 76.7 78.5 2208 950 5.211
1787277374 78.5 78.5 77.6 79.5 2208 950 5.211
1787277375 78.5 78.5 78.5 80.4 2208 950 5.215
1787277377 79.5 78.5 78.5 80.4 2208 950 5.283
1787277378 78.5 78.5 78.5 79.5 2208 950 5.235
1787277379 79.5 79.5 78.5 80.4 2208 950 5.240
1787277380 80.4 79.5 79.5 82.2 2208 950 5.201
1787277381 79.5 78.5 78.5 80.4 2208 950 5.211
1787277382 80.4 79.5 79.5 81.3 2208 950 5.230
1787277383 80.4 79.5 79.5 81.3 2208 950 5.206
1787277385 80.4 80.4 79.5 82.2 2208 950 5.244
1787277386 80.4 80.4 79.5 82.2 2208 950 5.230
1787277387 80.4 80.4 80.4 82.2 2208 950 5.206
1787277388 81.3 80.4 80.4 82.2 2208 950 5.211
1787277389 80.4 80.4 80.4 83.2 2208 950 5.211
1787277390 81.3 81.3 80.4 83.2 2208 950 5.220
1787277391 81.3 80.4 80.4 82.2 2208 950 5.235
1787277392 81.3 80.4 80.4 82.2 2208 950 5.215
1787277394 82.2 82.2 81.3 84.1 2208 950 5.240
1787277395 82.2 81.3 81.3 82.2 2208 950 5.186
1787277396 82.2 82.2 81.3 84.1 2208 950 5.206
1787277397 82.2 82.2 82.2 84.1 2208 950 5.215
1787277398 82.2 82.2 81.3 83.2 2208 950 5.249
1787277399 83.2 82.2 82.2 84.1 2208 950 5.249
1787277400 82.2 81.3 81.3 84.1 2208 950 5.244
1787277402 82.2 82.2 81.3 83.2 2208 950 5.220
1787277403 83.2 82.2 82.2 85.0 2208 950 5.225
1787277404 83.2 82.2 82.2 84.1 2208 950 5.191
1787277405 83.2 83.2 83.2 85.0 2208 950 5.215
1787277406 84.1 84.1 83.2 85.9 2208 950 5.196
1787277407 84.1 83.2 83.2 85.0 2016 950 5.186
1787277408 84.1 84.1 84.1 85.0 2016 950 5.225
1787277410 84.1 84.1 83.2 85.9 2016 950 5.254
1787277411 84.1 84.1 83.2 85.9 2016 950 5.244
1787277412 84.1 84.1 83.2 85.0 2208 950 5.240
1787277413 84.1 84.1 84.1 85.0 2208 950 5.230
1787277414 84.1 83.2 83.2 85.0 2208 950 5.240
1787277415 83.2 83.2 83.2 85.0 2208 950 5.215
1787277416 84.1 84.1 83.2 85.0 2016 950 5.206
1787277417 84.1 83.2 83.2 85.0 2016 950 5.186
1787277418 82.2 80.4 81.3 82.2 2208 950 5.225
1787277419 76.7 74.8 75.8 77.6 2208 950 5.298
1787277421 75.8 73.9 74.8 75.8 2208 950 5.249
1787277422 74.8 73.0 73.9 74.8 2208 950 5.230
1787277423 73.9 72.1 73.0 73.9 2208 950 5.322
1787277424 73.0 71.2 72.1 73.0 2208 950 5.327
1787277425 72.1 70.2 71.2 72.1 2208 950 5.288
1787277426 72.1 70.2 70.2 72.1 2208 950 5.307
1787277427 71.2 69.3 70.2 71.2 2208 950 5.273
1787277428 71.2 69.3 69.3 71.2 2208 950 5.312
