epoch soc_c npu_c ddr_c bigcore_c cpu_mhz npu_mhz volt_v
1787275024 55.5 54.5 54.5 56.4 2208 950 5.293
1787275025 55.5 56.4 55.5 58.2 2208 950 5.235
1787275026 61.0 61.9 61.0 62.8 2208 950 5.225
1787275027 62.8 63.8 61.9 64.7 2208 950 5.201
1787275028 63.8 63.8 62.8 64.7 2208 950 5.201
1787275030 64.7 64.7 63.8 65.6 2208 950 5.235
1787275031 64.7 65.6 64.7 66.5 2208 950 5.215
1787275032 65.6 66.5 64.7 66.5 2208 950 5.249
1787275033 66.5 66.5 65.6 67.5 2208 950 5.196
1787275034 66.5 66.5 65.6 68.4 2208 950 5.264
1787275035 67.5 67.5 66.5 68.4 2208 950 5.235
1787275036 66.5 66.5 66.5 68.4 2208 950 5.235
1787275037 67.5 67.5 66.5 68.4 2208 950 5.215
1787275039 68.4 68.4 67.5 69.3 2208 950 5.201
1787275040 68.4 68.4 67.5 69.3 2208 950 5.211
1787275041 69.3 69.3 68.4 70.2 2208 950 5.191
1787275042 69.3 69.3 68.4 69.3 2208 950 5.230
1787275043 69.3 69.3 68.4 70.2 2208 950 5.235
1787275044 69.3 70.2 68.4 70.2 2208 950 5.254
1787275045 70.2 70.2 69.3 71.2 2208 950 5.240
1787275046 70.2 71.2 70.2 72.1 2208 950 5.206
1787275048 70.2 71.2 69.3 72.1 2208 950 5.186
1787275049 71.2 71.2 70.2 72.1 2208 950 5.240
1787275050 70.2 71.2 70.2 72.1 2208 950 5.235
1787275051 70.2 70.2 70.2 72.1 2208 950 5.230
1787275052 71.2 72.1 70.2 72.1 2208 950 5.240
1787275053 72.1 72.1 71.2 73.9 2208 950 5.215
1787275054 71.2 72.1 70.2 73.0 2208 950 5.211
1787275056 72.1 72.1 71.2 73.9 2208 950 5.206
1787275057 73.0 73.0 72.1 73.0 2208 950 5.191
1787275058 72.1 73.0 72.1 73.0 2208 950 5.235
1787275059 72.1 73.0 72.1 73.9 2208 950 5.244
1787275060 73.0 73.9 73.0 74.8 2208 950 5.201
1787275061 73.0 73.9 73.0 74.8 2208 950 5.235
1787275062 73.0 73.9 73.0 74.8 2208 950 5.249
1787275063 73.9 73.9 73.0 74.8 2208 950 5.196
1787275065 73.9 73.9 73.0 74.8 2208 950 5.254
1787275066 73.9 74.8 73.0 75.8 2208 950 5.240
1787275067 73.9 74.8 73.9 74.8 2208 950 5.182
1787275068 74.8 74.8 73.9 74.8 2208 950 5.211
1787275069 73.9 74.8 73.9 75.8 2208 950 5.220
1787275070 74.8 74.8 73.9 75.8 2208 950 5.298
1787275071 74.8 75.8 73.9 75.8 2208 950 5.182
1787275072 75.8 75.8 74.8 76.7 2208 950 5.225
1787275074 74.8 74.8 74.8 76.7 2208 950 5.240
1787275075 75.8 75.8 74.8 76.7 2208 950 5.225
1787275076 75.8 75.8 74.8 76.7 2208 950 5.211
1787275077 75.8 76.7 75.8 77.6 2208 950 5.235
1787275078 76.7 76.7 75.8 77.6 2208 950 5.215
1787275079 76.7 76.7 75.8 77.6 2208 950 5.215
1787275080 75.8 76.7 75.8 77.6 2208 950 5.235
1787275082 76.7 76.7 75.8 78.5 2208 950 5.201
1787275083 76.7 77.6 75.8 77.6 2208 950 5.235
1787275084 76.7 76.7 76.7 78.5 2208 950 5.206
1787275085 76.7 77.6 75.8 77.6 2208 950 5.244
1787275086 73.0 73.0 72.1 73.9 2208 950 5.182
1787275087 75.8 76.7 75.8 76.7 2208 950 5.196
1787275088 76.7 76.7 76.7 78.5 2208 950 5.254
1787275090 76.7 77.6 76.7 78.5 2208 950 5.249
1787275091 77.6 78.5 76.7 78.5 2208 950 5.206
1787275092 76.7 77.6 76.7 77.6 2208 950 5.264
1787275093 77.6 77.6 76.7 78.5 2208 950 5.167
1787275094 77.6 77.6 76.7 78.5 2208 950 5.215
1787275095 77.6 78.5 76.7 78.5 2208 950 5.215
1787275096 77.6 77.6 76.7 78.5 2208 950 5.240
1787275097 77.6 77.6 76.7 78.5 2208 950 5.162
1787275099 78.5 78.5 77.6 79.5 2208 950 5.215
1787275100 78.5 78.5 77.6 78.5 2208 950 5.249
1787275101 78.5 78.5 78.5 80.4 2208 950 5.230
1787275102 78.5 78.5 77.6 79.5 2208 950 5.211
1787275103 78.5 79.5 78.5 80.4 2208 950 5.259
1787275104 78.5 79.5 78.5 80.4 2208 950 5.211
1787275105 78.5 79.5 78.5 80.4 2208 950 5.244
1787275106 78.5 78.5 78.5 79.5 2208 950 5.177
1787275108 78.5 79.5 78.5 80.4 2208 950 5.225
1787275109 78.5 79.5 78.5 80.4 2208 950 5.211
1787275110 79.5 80.4 78.5 80.4 2208 950 5.186
1787275111 79.5 80.4 79.5 82.2 2208 950 5.240
1787275112 80.4 80.4 79.5 81.3 2208 950 5.230
1787275113 79.5 79.5 78.5 81.3 2208 950 5.220
1787275114 80.4 80.4 79.5 82.2 2208 950 5.186
1787275116 79.5 80.4 79.5 82.2 2208 950 5.201
1787275117 80.4 80.4 79.5 81.3 2208 950 5.225
1787275118 80.4 80.4 80.4 82.2 2208 950 5.191
1787275119 80.4 81.3 80.4 82.2 2208 950 5.206
1787275120 81.3 81.3 80.4 82.2 2208 950 5.235
1787275121 80.4 81.3 80.4 82.2 2208 950 5.206
1787275122 81.3 81.3 80.4 82.2 2208 950 5.240
1787275123 81.3 82.2 80.4 82.2 2208 950 5.230
1787275125 81.3 81.3 80.4 82.2 2208 950 5.235
1787275126 81.3 82.2 81.3 83.2 2208 950 5.230
1787275127 81.3 81.3 80.4 82.2 2208 950 5.230
1787275128 82.2 82.2 80.4 83.2 2208 950 5.215
1787275129 81.3 81.3 81.3 82.2 2208 950 5.259
1787275130 82.2 82.2 81.3 83.2 2208 950 5.240
1787275131 82.2 82.2 81.3 84.1 2208 950 5.215
1787275133 82.2 82.2 81.3 84.1 2208 950 5.244
1787275134 82.2 82.2 81.3 83.2 2208 950 5.235
1787275135 82.2 82.2 81.3 83.2 2208 950 5.211
1787275136 82.2 82.2 82.2 83.2 2208 950 5.191
1787275137 83.2 83.2 82.2 83.2 2208 950 5.215
1787275138 82.2 82.2 81.3 83.2 2208 950 5.264
1787275139 82.2 82.2 82.2 83.2 2208 950 5.225
1787275140 82.2 82.2 82.2 84.1 2208 950 5.215
1787275142 83.2 82.2 82.2 83.2 2208 950 5.201
1787275143 83.2 83.2 82.2 85.0 2208 950 5.235
1787275144 82.2 82.2 82.2 84.1 2208 950 5.215
1787275145 83.2 83.2 82.2 84.1 2208 950 5.206
1787275146 83.2 83.2 82.2 84.1 2208 950 5.201
1787275147 78.5 78.5 78.5 80.4 2208 950 5.240
1787275148 82.2 83.2 81.3 84.1 2208 950 5.201
1787275150 82.2 83.2 82.2 84.1 2208 950 5.225
1787275151 83.2 83.2 82.2 84.1 2208 950 5.191
1787275152 82.2 82.2 82.2 83.2 2208 950 5.191
1787275153 82.2 82.2 82.2 84.1 2208 950 5.230
1787275154 83.2 83.2 82.2 85.0 2208 950 5.220
1787275155 83.2 83.2 82.2 84.1 2208 950 5.211
1787275156 83.2 83.2 82.2 84.1 2208 950 5.186
1787275157 84.1 84.1 83.2 85.0 2208 950 5.230
1787275158 84.1 84.1 83.2 85.0 2208 950 5.225
1787275160 83.2 84.1 83.2 84.1 2208 950 5.182
1787275161 84.1 84.1 83.2 85.0 2208 950 5.215
1787275162 84.1 84.1 83.2 85.0 2016 950 5.235
1787275163 84.1 84.1 83.2 85.0 2016 950 5.220
1787275164 84.1 84.1 83.2 84.1 2016 950 5.196
1787275165 84.1 84.1 83.2 84.1 2208 950 5.240
1787275166 84.1 84.1 83.2 85.9 2016 950 5.215
1787275168 84.1 84.1 83.2 85.0 2016 950 5.167
1787275169 84.1 84.1 83.2 85.0 2016 950 5.235
1787275170 84.1 85.0 84.1 85.0 2016 950 5.196
1787275171 84.1 85.0 83.2 85.9 2016 950 5.259
1787275172 84.1 84.1 84.1 85.0 2016 950 5.215
1787275173 84.1 84.1 83.2 85.9 2016 950 5.259
1787275174 84.1 84.1 83.2 85.9 2016 950 5.182
1787275176 84.1 85.0 84.1 85.0 2016 950 5.235
1787275177 84.1 84.1 83.2 84.1 2208 950 5.240
1787275178 85.0 85.0 84.1 85.9 2016 950 5.220
1787275179 84.1 85.0 84.1 85.9 2016 950 5.196
1787275180 84.1 85.0 84.1 85.9 2016 950 5.186
1787275181 85.0 85.9 84.1 85.9 2016 950 5.269
1787275182 84.1 85.0 84.1 85.9 2016 950 5.225
1787275184 84.1 85.0 84.1 85.9 2016 950 5.215
1787275185 84.1 85.0 84.1 85.9 2016 950 5.240
1787275186 84.1 85.0 84.1 85.0 2016 950 5.211
1787275187 84.1 85.9 84.1 85.9 2016 950 5.215
1787275188 84.1 85.0 84.1 85.9 2016 950 5.249
1787275189 85.0 85.9 84.1 85.9 2016 950 5.240
1787275190 84.1 85.0 84.1 85.9 2016 950 5.225
1787275192 85.0 85.0 84.1 85.9 2016 950 5.273
1787275193 84.1 85.0 84.1 85.0 2016 950 5.201
1787275194 84.1 85.0 84.1 85.9 2016 950 5.240
1787275195 84.1 85.0 84.1 85.0 2016 950 5.240
1787275196 84.1 85.0 84.1 85.9 2016 950 5.254
1787275197 84.1 85.9 84.1 85.9 2016 950 5.230
1787275198 85.0 85.9 84.1 85.9 2016 950 5.249
1787275200 85.0 85.0 84.1 85.9 2016 950 5.259
1787275201 84.1 85.0 84.1 85.9 2016 950 5.230
1787275202 85.0 85.0 84.1 85.0 2016 950 5.244
1787275203 85.0 85.0 84.1 85.9 2016 950 5.240
1787275204 85.0 85.0 84.1 85.9 1800 950 5.240
1787275205 85.0 85.9 84.1 85.9 1800 950 5.230
1787275206 84.1 85.0 84.1 85.9 1800 950 5.215
1787275208 85.0 85.0 84.1 85.9 1800 950 5.215
1787275209 83.2 84.1 83.2 84.1 2208 950 5.240
1787275210 84.1 85.0 84.1 85.9 2016 950 5.235
1787275211 84.1 85.9 84.1 85.9 2016 950 5.240
1787275212 85.0 85.0 84.1 85.0 2016 950 5.157
1787275213 85.0 85.0 84.1 85.9 2016 950 5.240
1787275214 85.0 85.9 84.1 85.0 2016 950 5.191
1787275215 84.1 85.9 84.1 85.9 2016 950 5.220
1787275217 85.0 85.9 84.1 85.9 1800 950 5.230
1787275218 84.1 84.1 84.1 85.0 2016 950 5.230
1787275219 85.0 85.9 84.1 85.9 2016 950 5.220
1787275220 85.0 85.0 84.1 85.9 2016 950 5.240
1787275221 85.0 85.9 84.1 85.9 1800 950 5.201
1787275222 85.0 85.0 84.1 85.0 1800 950 5.225
1787275223 85.0 85.0 84.1 85.0 1800 950 5.206
1787275224 85.0 85.9 84.1 85.0 1800 950 5.211
1787275226 85.0 85.9 84.1 85.0 1800 950 5.215
1787275227 85.0 85.9 84.1 85.9 2016 950 5.215
1787275228 85.9 85.9 85.0 85.9 2016 950 5.264
1787275229 85.0 85.9 84.1 85.9 1800 950 5.225
1787275230 85.0 85.9 84.1 85.0 2016 950 5.186
1787275231 85.0 85.0 84.1 85.9 1800 950 5.182
1787275232 85.0 85.0 84.1 85.9 1800 950 5.240
1787275234 85.0 85.9 84.1 85.9 1800 950 5.225
1787275235 85.0 85.9 85.0 85.9 1800 950 5.240
1787275236 85.0 85.9 84.1 85.0 2016 950 5.196
1787275237 85.0 85.9 84.1 85.9 2016 950 5.235
1787275238 85.0 85.9 84.1 85.0 1800 950 5.215
1787275239 85.0 85.9 84.1 85.9 1800 950 5.225
1787275240 85.0 85.9 84.1 85.9 1800 950 5.225
1787275242 85.0 85.9 84.1 85.0 1800 950 5.240
1787275243 85.0 85.9 85.0 85.9 1800 950 5.196
1787275244 85.0 85.9 85.0 85.9 1800 950 5.196
1787275245 85.0 85.9 85.0 85.9 1800 950 5.215
1787275246 85.0 85.9 84.1 85.9 1800 950 5.220
1787275247 85.0 85.0 84.1 85.0 1800 950 5.186
1787275248 85.0 85.9 84.1 85.9 1800 950 5.177
1787275249 85.0 85.9 84.1 85.9 1800 950 5.235
1787275251 85.0 85.9 84.1 85.9 1800 950 5.186
1787275252 85.0 85.9 84.1 85.9 1800 950 5.235
1787275253 85.0 85.9 84.1 85.9 1800 950 5.211
1787275254 85.0 85.0 84.1 85.9 1800 950 5.230
1787275255 85.0 85.9 84.1 85.0 1800 950 5.206
1787275256 85.0 85.9 85.0 86.8 1800 950 5.235
1787275257 85.0 85.9 85.0 85.9 1800 950 5.215
1787275259 85.0 85.9 85.0 85.9 1800 950 5.254
1787275260 85.0 85.9 84.1 85.9 1608 950 5.182
1787275261 85.0 85.9 84.1 85.0 1800 950 5.215
1787275262 85.0 85.9 84.1 85.9 1608 950 5.191
1787275263 85.9 85.9 85.0 85.9 1800 950 5.215
1787275264 85.9 85.9 85.0 85.9 1608 950 5.259
1787275266 85.0 85.9 84.1 85.9 1608 950 5.211
1787275267 85.0 85.9 84.1 85.9 1608 950 5.225
1787275268 85.0 85.9 85.0 85.9 1608 950 5.244
1787275269 83.2 83.2 83.2 83.2 2208 950 5.298
1787275270 84.1 85.0 84.1 85.9 2016 950 5.182
1787275271 85.0 85.9 84.1 85.9 2016 950 5.191
1787275272 85.0 85.9 84.1 85.9 1800 950 5.235
1787275273 85.0 85.9 85.0 85.9 1800 950 5.201
1787275275 85.9 85.9 85.0 85.9 1608 950 5.235
1787275276 85.0 85.9 84.1 85.0 1608 950 5.162
1787275277 85.0 85.9 85.0 85.9 1608 950 5.240
1787275278 85.0 85.9 84.1 85.9 1800 950 5.225
1787275279 85.0 85.9 85.0 85.9 1800 950 5.215
1787275280 85.9 85.9 85.0 85.9 1800 950 5.273
1787275281 85.0 85.9 85.0 85.9 1800 950 5.220
1787275283 85.0 85.0 84.1 85.0 1608 950 5.215
1787275284 85.0 85.9 85.0 85.9 1608 950 5.240
1787275285 85.9 85.9 85.0 85.9 1800 950 5.215
1787275286 85.0 85.9 85.0 85.9 1608 950 5.191
1787275287 85.0 85.9 85.0 85.9 1608 950 5.230
1787275288 85.0 85.9 84.1 85.0 1608 950 5.240
1787275289 85.0 85.9 84.1 85.9 1608 950 5.196
1787275291 85.0 85.9 85.0 85.9 1800 950 5.225
1787275292 85.9 85.9 85.0 85.0 1800 950 5.240
1787275293 85.9 85.9 85.0 85.9 1800 950 5.264
1787275294 85.0 85.9 85.0 85.9 1800 950 5.225
1787275295 85.9 85.9 85.0 85.9 1608 950 5.186
1787275296 85.9 86.8 85.0 85.9 1608 950 5.215
1787275297 85.9 85.9 85.0 85.9 1608 950 5.249
1787275299 85.9 85.9 85.0 85.9 1608 950 5.254
1787275300 85.0 85.9 84.1 85.9 1800 950 5.264
1787275301 85.0 85.9 84.1 85.0 1608 950 5.302
1787275302 85.0 85.9 85.0 85.9 1608 950 5.235
1787275303 85.0 85.9 84.1 85.9 1608 950 5.196
1787275304 85.0 85.0 84.1 85.0 1800 950 5.244
1787275305 85.0 85.9 84.1 85.0 1608 950 5.177
1787275307 85.0 85.9 85.0 85.0 1608 950 5.244
1787275308 85.0 85.9 85.0 85.9 1608 950 5.235
1787275309 85.0 85.9 85.0 85.0 1800 950 5.206
1787275310 85.0 85.9 84.1 85.9 1800 950 5.230
1787275311 85.0 85.0 84.1 85.9 1800 950 5.244
1787275312 85.9 86.8 85.0 85.9 1608 950 5.220
1787275313 85.0 85.9 84.1 85.0 1608 950 5.182
1787275314 85.9 85.9 85.0 85.9 1608 950 5.244
1787275316 85.9 85.9 85.0 85.9 1608 950 5.230
1787275317 85.0 85.9 85.0 85.9 1608 950 5.283
1787275318 85.0 86.8 85.0 85.9 1608 950 5.225
1787275319 85.9 85.9 85.0 86.8 1416 950 5.240
1787275320 85.0 85.9 84.1 85.9 1608 950 5.206
1787275321 85.0 85.9 85.0 85.9 1416 950 5.225
1787275322 85.0 85.9 85.0 85.0 1608 950 5.215
1787275324 85.0 85.9 84.1 85.0 1416 950 5.206
1787275325 85.0 85.9 84.1 85.9 1608 950 5.215
1787275326 85.0 85.9 84.1 85.0 1608 950 5.206
1787275327 85.0 85.9 84.1 85.9 1800 950 5.235
1787275328 85.0 85.9 84.1 85.0 1800 950 5.235
1787275329 85.0 85.9 84.1 85.9 1800 950 5.206
1787275330 81.3 80.4 80.4 81.3 2208 950 5.293
1787275331 78.5 77.6 77.6 79.5 2208 950 5.283
1787275333 82.2 83.2 82.2 83.2 2208 950 5.244
1787275334 85.0 85.0 84.1 85.9 2016 950 5.230
1787275335 85.0 85.9 84.1 85.0 1800 950 5.230
1787275336 85.0 85.9 85.0 85.9 1800 950 5.220
1787275337 85.0 85.9 85.0 85.9 1800 950 5.244
1787275338 85.0 85.9 84.1 85.9 1800 950 5.211
1787275339 85.0 85.9 84.1 85.9 1800 950 5.244
1787275340 85.0 85.9 85.0 85.9 1800 950 5.206
1787275342 85.0 85.9 84.1 85.9 1800 950 5.182
1787275343 85.9 85.9 85.0 85.9 1800 950 5.211
1787275344 85.0 85.9 84.1 85.9 1800 950 5.230
1787275345 85.9 86.8 85.9 85.9 1608 950 5.215
1787275346 85.9 85.9 85.0 85.0 1608 950 5.240
1787275347 85.9 85.9 85.0 85.9 1608 950 5.220
1787275349 85.9 86.8 85.0 85.9 1608 950 5.225
1787275350 85.0 85.9 85.0 85.9 1608 950 5.244
1787275351 85.0 85.9 85.0 85.9 1608 950 5.201
1787275352 85.0 85.9 84.1 85.0 1608 950 5.235
1787275353 85.0 85.9 85.0 85.9 1608 950 5.259
1787275354 85.0 85.9 84.1 85.9 1800 950 5.201
1787275355 85.9 85.9 85.0 85.9 1800 950 5.215
1787275356 85.9 85.9 85.0 85.9 1800 950 5.249
1787275358 85.9 85.9 85.0 85.9 1608 950 5.201
1787275359 85.9 86.8 85.0 85.9 1608 950 5.240
1787275360 85.0 85.9 85.0 85.9 1608 950 5.230
1787275361 85.0 85.9 85.0 85.9 1608 950 5.172
1787275362 85.0 85.9 84.1 85.0 1608 950 5.201
1787275363 85.0 85.9 85.0 85.0 1608 950 5.215
1787275364 85.0 85.9 85.0 85.9 1608 950 5.153
1787275366 85.9 85.9 85.0 85.9 1608 950 5.244
1787275367 85.9 85.9 85.0 85.9 1608 950 5.244
1787275368 85.0 85.9 85.0 85.9 1608 950 5.230
1787275369 85.9 86.8 85.0 85.9 1800 950 5.240
1787275370 85.0 85.9 84.1 85.0 1608 950 5.206
1787275371 85.0 85.9 85.0 85.9 1608 950 5.206
1787275372 85.9 86.8 85.0 85.9 1608 950 5.220
1787275374 85.0 85.9 84.1 85.0 1800 950 5.215
1787275375 85.9 85.9 85.0 85.9 1608 950 5.220
1787275376 85.0 85.9 85.0 85.0 1608 950 5.211
1787275377 85.0 85.9 85.0 85.9 1608 950 5.186
1787275378 85.9 85.9 84.1 85.9 1608 950 5.249
1787275379 85.0 85.0 84.1 85.0 1608 950 5.196
1787275380 85.0 85.9 85.0 85.0 1608 950 5.240
1787275382 85.0 85.9 84.1 85.0 1608 950 5.211
1787275383 85.9 85.9 85.0 85.9 1608 950 5.211
1787275384 85.9 86.8 85.0 85.9 1608 950 5.220
1787275385 85.0 86.8 85.0 85.0 1800 950 5.249
1787275386 85.9 85.9 85.0 85.9 1608 950 5.191
1787275387 85.0 86.8 85.0 85.9 1608 950 5.244
1787275388 85.9 85.9 84.1 85.9 1608 950 5.230
1787275389 85.0 85.9 84.1 85.9 1800 950 5.269
1787275391 85.0 85.0 84.1 85.9 1608 950 5.264
1787275392 85.9 86.8 85.0 85.9 1608 950 5.186
1787275393 82.2 81.3 80.4 81.3 2208 950 5.259
1787275394 85.0 85.9 85.0 85.9 2016 950 5.167
1787275395 85.9 85.9 85.0 85.9 1608 950 5.225
1787275396 85.9 86.8 85.0 85.9 1608 950 5.240
1787275397 85.9 85.9 85.0 85.9 1608 950 5.206
1787275399 85.9 86.8 85.0 85.9 1608 950 5.206
1787275400 85.9 85.9 85.0 85.9 1608 950 5.225
1787275401 85.9 85.9 85.0 85.9 1608 950 5.196
1787275402 85.0 85.9 85.0 85.9 1608 950 5.206
1787275403 85.9 85.9 85.0 85.9 1608 950 5.225
1787275404 85.9 86.8 85.0 85.9 1416 950 5.215
1787275405 85.9 86.8 85.0 85.9 1416 950 5.240
1787275407 85.0 85.9 85.0 85.9 1416 950 5.191
1787275408 85.9 85.9 85.0 85.9 1416 950 5.249
1787275409 85.9 85.9 85.0 85.9 1416 950 5.235
1787275410 85.9 85.9 85.0 85.9 1416 950 5.254
1787275411 85.9 85.9 85.0 85.9 1608 950 5.215
1787275412 85.9 86.8 85.0 85.9 1608 950 5.264
1787275413 85.9 85.9 85.0 85.9 1608 950 5.240
1787275414 85.0 85.9 85.0 85.9 1608 950 5.235
1787275416 85.0 85.9 85.0 85.9 1608 950 5.249
1787275417 85.9 85.9 85.0 85.9 1608 950 5.211
1787275418 85.0 85.9 85.0 85.9 1608 950 5.240
1787275419 85.9 85.9 85.0 85.9 1608 950 5.244
1787275420 85.9 86.8 85.0 85.9 1608 950 5.206
1787275421 85.0 85.9 85.0 85.9 1608 950 5.249
1787275422 85.0 85.9 85.0 85.9 1608 950 5.240
1787275424 85.0 85.9 84.1 85.9 1608 950 5.269
1787275425 85.0 85.9 85.0 85.9 1608 950 5.230
1787275426 85.0 85.0 84.1 85.9 1800 950 5.264
1787275427 85.9 85.9 85.0 85.9 1800 950 5.215
1787275428 85.0 85.9 84.1 85.0 1800 950 5.259
1787275429 85.9 85.9 85.0 85.9 1608 950 5.220
1787275430 85.0 85.9 85.0 85.9 1608 950 5.225
1787275431 85.0 85.9 85.0 85.0 1800 950 5.215
1787275433 85.9 85.9 85.0 85.9 1800 950 5.211
1787275434 85.0 85.9 85.0 85.9 1608 950 5.206
1787275435 85.9 85.9 85.0 85.0 1608 950 5.273
1787275436 85.9 85.9 85.0 85.9 1608 950 5.167
1787275437 85.9 85.9 85.0 85.9 1608 950 5.215
1787275438 85.0 85.9 85.0 85.9 1608 950 5.225
1787275439 85.9 86.8 85.0 85.9 1608 950 5.211
1787275440 85.9 85.9 85.0 85.0 1608 950 5.235
1787275442 85.0 85.9 85.0 85.9 1608 950 5.211
1787275443 85.0 85.9 84.1 85.0 1608 950 5.215
1787275444 85.0 85.9 85.0 85.9 1608 950 5.225
1787275445 85.0 85.9 84.1 85.9 1608 950 5.206
1787275446 85.0 85.9 85.0 85.9 1800 950 5.230
1787275447 85.0 85.9 85.0 85.9 1800 950 5.215
1787275448 85.9 85.9 85.0 85.9 1800 950 5.211
1787275449 85.9 85.9 85.0 85.9 1800 950 5.249
1787275450 85.0 85.9 85.0 85.9 1800 950 5.244
1787275452 85.9 85.9 85.0 85.9 1800 950 5.215
1787275453 85.9 85.9 85.0 85.0 1608 950 5.201
1787275454 83.2 83.2 82.2 83.2 2208 950 5.254
1787275455 85.0 85.0 84.1 85.9 2016 950 5.201
1787275456 85.9 85.9 85.0 85.9 1800 950 5.230
1787275457 85.9 86.8 85.0 85.9 1608 950 5.220
1787275458 85.9 86.8 85.0 85.9 1608 950 5.235
1787275459 85.0 85.9 85.0 85.9 1608 950 5.215
1787275461 85.9 85.9 85.0 85.9 1608 950 5.225
1787275462 85.9 85.9 85.0 85.9 1608 950 5.186
1787275463 85.9 86.8 85.0 85.9 1608 950 5.230
1787275464 85.0 85.9 84.1 85.9 1800 950 5.211
1787275465 85.9 85.9 85.0 85.9 1608 950 5.230
1787275466 85.0 85.9 85.0 85.9 1608 950 5.235
1787275467 85.9 85.9 85.0 85.9 1608 950 5.240
1787275468 85.0 85.9 84.1 85.0 1608 950 5.230
1787275470 85.9 85.9 85.0 85.9 1608 950 5.215
1787275471 85.0 85.9 85.0 85.9 1608 950 5.225
1787275472 85.9 85.9 85.0 85.9 1608 950 5.235
1787275473 85.0 85.9 85.0 85.9 1608 950 5.206
1787275474 85.0 85.9 85.0 85.9 1608 950 5.211
1787275475 85.0 85.9 85.0 85.9 1608 950 5.235
1787275476 85.9 85.9 85.0 85.9 1608 950 5.249
1787275477 85.0 85.9 85.0 85.9 1608 950 5.201
1787275479 85.0 85.9 85.0 85.9 1608 950 5.215
1787275480 85.9 85.9 85.0 85.0 1608 950 5.240
1787275481 85.0 85.9 85.0 85.0 1608 950 5.235
1787275482 85.9 85.9 85.0 85.9 1608 950 5.215
1787275483 85.9 85.9 85.0 85.9 1608 950 5.240
1787275484 85.9 86.8 85.0 85.9 1608 950 5.220
1787275485 85.0 85.9 84.1 85.9 1608 950 5.254
1787275486 85.9 85.9 85.0 85.9 1608 950 5.225
1787275488 85.9 85.9 85.0 85.9 1608 950 5.206
1787275489 85.9 86.8 85.0 85.9 1800 950 5.211
1787275490 85.0 85.9 85.0 85.9 1800 950 5.196
1787275491 85.9 85.9 85.0 85.9 1800 950 5.240
1787275492 85.9 86.8 85.0 85.9 1800 950 5.240
1787275493 85.9 85.9 85.0 85.9 1800 950 5.230
1787275494 85.9 85.9 85.0 85.9 1800 950 5.230
1787275495 85.0 85.9 85.0 85.9 1800 950 5.230
1787275496 85.9 86.8 85.0 85.9 1800 950 5.240
1787275498 85.9 85.9 85.0 85.9 1800 950 5.249
1787275499 85.0 85.9 85.0 85.9 1800 950 5.240
1787275500 85.9 85.9 85.0 85.9 1608 950 5.220
1787275501 85.0 85.9 85.0 85.9 1608 950 5.244
1787275502 85.9 85.9 85.0 85.9 1608 950 5.259
1787275503 85.0 85.9 84.1 85.9 1608 950 5.220
1787275504 85.0 85.9 85.0 85.9 1608 950 5.230
1787275505 84.1 85.9 84.1 85.0 1800 950 5.269
1787275506 85.0 85.9 85.0 85.9 1608 950 5.235
1787275508 85.0 85.9 84.1 85.9 1608 950 5.211
1787275509 85.0 85.9 84.1 85.0 1800 950 5.206
1787275510 85.0 85.9 85.0 85.9 1800 950 5.220
1787275511 85.0 85.9 85.0 85.9 1608 950 5.206
1787275512 85.0 85.9 85.0 85.9 1608 950 5.244
1787275513 85.0 85.9 84.1 85.0 1608 950 5.201
1787275514 85.0 85.9 85.0 85.0 1608 950 5.254
1787275515 80.4 79.5 79.5 80.4 2208 950 5.317
1787275516 84.1 85.0 84.1 85.9 2016 950 5.230
1787275518 85.9 86.8 85.0 86.8 1800 950 5.211
1787275519 85.0 85.9 85.0 85.0 1608 950 5.240
1787275520 85.0 85.9 84.1 85.9 1416 950 5.220
1787275521 85.0 85.9 85.0 85.9 1416 950 5.235
1787275522 85.0 85.0 84.1 85.0 1608 950 5.211
1787275523 85.0 85.9 84.1 85.0 1800 950 5.230
1787275524 85.0 85.9 84.1 85.9 1608 950 5.273
1787275526 85.9 85.9 85.0 85.9 1608 950 5.220
1787275527 85.0 85.9 85.0 85.9 1608 950 5.215
1787275528 85.0 85.9 85.0 85.9 1608 950 5.215
1787275529 85.0 86.8 85.0 85.9 1608 950 5.211
1787275530 85.0 85.0 84.1 85.9 1800 950 5.283
1787275531 85.0 85.0 84.1 85.0 1608 950 5.220
1787275532 85.0 85.9 84.1 85.9 1608 950 5.230
1787275533 85.0 85.9 85.0 85.0 1608 950 5.240
1787275535 85.0 85.9 85.0 85.9 1608 950 5.235
1787275536 85.0 85.9 85.0 85.0 1608 950 5.230
1787275537 85.0 85.9 85.0 85.0 1608 950 5.225
1787275538 85.0 85.9 85.0 85.9 1608 950 5.230
1787275539 85.0 85.9 84.1 85.0 1800 950 5.220
1787275540 85.0 85.9 84.1 85.0 1800 950 5.182
1787275541 85.0 85.9 85.0 85.9 1800 950 5.211
1787275542 85.0 85.9 85.0 85.9 1800 950 5.225
1787275543 85.0 85.9 84.1 85.9 1800 950 5.235
1787275545 85.0 86.8 85.0 85.9 1800 950 5.215
1787275546 85.0 85.9 84.1 85.9 1608 950 5.230
1787275547 85.0 85.9 84.1 85.0 1800 950 5.215
1787275548 85.9 86.8 85.0 85.9 1608 950 5.230
1787275549 85.0 85.9 84.1 85.9 1608 950 5.215
1787275550 85.0 85.9 84.1 85.0 1608 950 5.259
1787275551 85.0 85.9 85.0 85.9 1608 950 5.215
1787275552 85.0 85.9 84.1 85.9 1608 950 5.220
1787275554 85.0 85.9 85.0 85.9 1608 950 5.225
1787275555 85.0 85.9 85.0 85.0 1608 950 5.225
1787275556 85.0 85.9 85.0 85.9 1608 950 5.264
1787275557 85.0 85.9 85.0 85.0 1608 950 5.225
1787275558 85.0 85.9 85.0 85.9 1608 950 5.230
1787275559 85.9 85.9 85.0 85.9 1608 950 5.230
1787275560 85.0 85.9 85.0 85.0 1608 950 5.196
1787275561 85.9 85.9 85.0 85.9 1608 950 5.254
1787275563 85.0 85.9 85.0 85.0 1608 950 5.215
1787275564 85.9 85.9 85.0 85.9 1608 950 5.269
1787275565 85.9 85.9 85.0 85.9 1608 950 5.235
1787275566 85.0 86.8 85.0 85.9 1608 950 5.196
1787275567 85.0 85.9 85.0 85.9 1608 950 5.220
1787275568 85.0 85.9 85.0 85.9 1608 950 5.220
1787275569 85.0 85.9 84.1 85.0 1608 950 5.230
1787275571 85.9 86.8 85.0 85.9 1608 950 5.273
1787275572 85.9 85.9 85.0 85.0 1608 950 5.196
1787275573 85.9 85.9 85.0 85.0 1608 950 5.206
1787275574 85.0 85.9 85.0 85.0 1800 950 5.273
1787275575 85.0 85.0 84.1 85.0 1608 950 5.191
1787275576 85.0 85.9 85.0 85.9 1608 950 5.191
1787275577 85.0 85.9 84.1 85.9 2016 950 5.211
1787275578 85.9 86.8 85.0 85.9 1608 950 5.215
1787275579 85.9 85.9 85.0 85.9 1608 950 5.220
1787275581 85.9 86.8 85.0 85.9 1608 950 5.211
1787275582 85.0 85.9 85.0 85.9 1608 950 5.235
1787275583 85.9 85.9 85.0 85.9 1608 950 5.259
1787275584 85.0 86.8 85.0 85.9 1800 950 5.244
1787275585 85.9 85.9 85.0 85.9 1800 950 5.157
1787275586 85.9 86.8 85.0 85.9 1800 950 5.240
1787275587 85.9 85.9 85.0 85.9 1608 950 5.254
1787275589 85.0 85.9 84.1 85.9 1608 950 5.235
1787275590 85.0 85.9 85.0 85.9 1608 950 5.211
1787275591 85.9 85.9 85.0 85.9 1608 950 5.225
1787275592 85.0 85.9 85.0 85.9 1608 950 5.259
1787275593 85.9 85.9 85.0 85.9 1608 950 5.225
1787275594 85.0 85.9 84.1 85.0 1800 950 5.201
1787275595 85.9 85.9 85.0 85.9 1608 950 5.225
1787275596 85.9 85.9 85.0 85.0 1608 950 5.244
1787275597 85.0 85.9 85.0 85.9 1608 950 5.244
1787275599 85.9 85.9 85.0 85.9 1608 950 5.196
1787275600 85.0 85.9 85.0 85.9 1608 950 5.196
1787275601 85.9 86.8 85.0 85.9 1608 950 5.167
1787275602 85.0 85.9 85.0 85.9 1608 950 5.230
1787275603 85.0 85.9 85.0 85.9 1608 950 5.215
1787275604 85.9 85.9 85.0 85.0 1608 950 5.225
1787275605 85.0 85.9 85.0 85.9 1608 950 5.264
1787275606 85.0 86.8 85.0 85.9 1608 950 5.269
1787275608 85.9 85.9 85.0 85.0 1608 950 5.254
1787275609 85.0 85.9 85.0 85.9 1608 950 5.235
1787275610 85.0 85.0 84.1 85.0 1608 950 5.259
1787275611 85.0 85.0 84.1 85.0 1608 950 5.206
1787275612 85.0 85.9 84.1 85.9 1608 950 5.225
1787275613 85.0 85.9 85.0 85.0 1608 950 5.249
1787275614 85.9 85.9 85.0 85.9 1608 950 5.220
1787275615 85.0 86.8 85.0 85.9 1608 950 5.249
1787275616 85.9 85.9 85.0 85.9 1608 950 5.249
1787275618 85.0 85.0 84.1 85.9 1608 950 5.220
1787275619 85.0 85.9 85.0 85.0 1608 950 5.240
1787275620 85.0 85.9 85.0 85.9 1800 950 5.196
1787275621 85.9 85.9 85.0 85.0 1608 950 5.235
1787275622 85.0 85.9 85.0 85.9 1608 950 5.177
1787275623 85.0 85.9 84.1 85.0 1800 950 5.273
1787275624 85.0 85.9 85.0 85.9 1608 950 5.235
1787275625 85.9 85.9 85.0 85.9 1608 950 5.186
1787275626 85.0 85.9 85.0 85.9 1608 950 5.225
1787275628 85.0 85.9 85.0 85.0 1608 950 5.211
1787275629 85.9 85.9 85.0 85.9 1608 950 5.244
1787275630 85.9 86.8 85.0 85.9 1608 950 5.196
1787275631 85.0 85.9 85.0 85.9 1608 950 5.244
1787275632 85.9 85.9 85.0 85.9 1608 950 5.254
1787275633 85.0 85.9 85.0 85.9 1608 950 5.182
1787275634 85.0 85.9 84.1 85.0 1608 950 5.191
1787275635 85.0 85.9 84.1 85.0 1608 950 5.215
1787275637 85.0 85.9 85.0 85.9 1608 950 5.211
1787275638 82.2 82.2 81.3 82.2 2208 950 5.317
1787275639 80.4 79.5 78.5 80.4 2208 950 5.264
1787275640 84.1 84.1 83.2 84.1 2208 950 5.312
1787275641 85.0 85.9 84.1 85.9 2016 950 5.220
1787275642 85.0 85.9 84.1 85.9 1608 950 5.240
1787275643 85.9 86.8 85.0 85.9 1608 950 5.259
1787275644 85.0 85.9 84.1 85.0 1800 950 5.196
1787275645 85.9 86.8 85.0 85.9 1608 950 5.206
1787275647 85.0 85.9 85.0 85.9 1608 950 5.225
1787275648 85.0 85.9 84.1 85.9 1800 950 5.191
1787275649 85.9 86.8 85.0 86.8 1608 950 5.211
1787275650 85.0 85.9 85.0 85.9 1608 950 5.240
1787275651 85.9 85.9 85.0 85.9 1608 950 5.230
1787275652 85.9 85.9 85.0 85.9 1608 950 5.211
1787275653 85.0 85.9 85.0 85.9 1608 950 5.240
1787275654 85.0 85.9 85.0 85.0 1608 950 5.259
1787275656 85.0 85.9 85.0 85.0 1608 950 5.278
1787275657 85.9 85.9 85.0 85.9 1608 950 5.215
1787275658 85.0 85.9 84.1 85.0 1608 950 5.269
1787275659 85.0 85.9 85.0 85.9 1608 950 5.235
1787275660 85.9 86.8 85.0 85.9 1608 950 5.220
1787275661 85.0 85.9 84.1 85.9 1608 950 5.215
1787275662 85.0 85.9 85.0 85.9 1608 950 5.225
1787275663 85.0 85.9 85.0 85.9 1608 950 5.240
1787275665 85.0 85.9 85.0 85.0 1800 950 5.235
1787275666 85.9 85.9 85.0 85.0 1608 950 5.215
1787275667 85.0 85.0 84.1 85.0 1800 950 5.254
1787275668 85.0 85.9 85.0 85.0 1608 950 5.249
1787275669 85.0 85.9 84.1 85.9 1608 950 5.259
1787275670 85.0 85.9 84.1 85.0 1608 950 5.235
1787275671 85.0 85.9 85.0 85.9 1608 950 5.230
1787275672 85.9 85.9 85.0 85.9 1608 950 5.254
1787275673 85.0 85.9 84.1 85.0 1800 950 5.293
1787275675 85.0 86.8 85.0 85.9 1608 950 5.244
1787275676 85.9 85.9 85.0 85.9 1800 950 5.269
1787275677 85.9 85.9 85.0 85.9 1800 950 5.230
1787275678 85.9 86.8 85.9 85.9 1800 950 5.225
1787275679 85.9 85.9 85.0 85.9 1608 950 5.240
1787275680 85.0 85.9 84.1 85.9 1608 950 5.162
1787275681 85.0 85.9 85.0 85.9 1608 950 5.225
1787275682 85.9 85.9 85.0 85.9 1608 950 5.240
1787275683 85.9 86.8 85.0 85.9 1608 950 5.215
1787275685 85.9 85.9 85.0 85.9 1608 950 5.220
1787275686 85.0 85.9 85.0 85.9 1608 950 5.196
1787275687 85.9 86.8 85.0 85.9 1608 950 5.225
1787275688 85.9 86.8 85.0 85.9 1608 950 5.225
1787275689 85.9 85.9 85.0 85.0 1608 950 5.215
1787275690 85.0 85.9 85.0 85.9 1608 950 5.235
1787275691 85.0 85.9 84.1 85.0 1800 950 5.240
1787275692 85.9 85.9 85.0 85.9 1608 950 5.191
1787275693 85.0 85.9 84.1 85.9 1608 950 5.235
1787275695 85.9 86.8 85.0 85.9 1608 950 5.249
1787275696 85.0 85.0 84.1 85.0 1800 950 5.182
1787275697 85.0 85.9 85.0 85.0 1608 950 5.293
1787275698 85.9 85.9 85.0 85.9 1608 950 5.254
1787275699 85.0 85.9 84.1 85.9 1608 950 5.230
1787275700 82.2 82.2 81.3 82.2 2208 950 5.288
1787275701 85.0 85.0 84.1 85.9 1800 950 5.211
1787275702 85.9 86.8 85.0 85.9 1608 950 5.211
1787275704 85.0 85.9 85.0 85.9 1416 950 5.182
1787275705 85.0 85.9 85.0 85.0 1608 950 5.230
1787275706 85.0 85.9 85.0 85.0 1608 950 5.186
1787275707 85.9 85.9 85.0 85.9 1608 950 5.215
1787275708 85.0 85.9 84.1 85.0 1608 950 5.230
1787275709 85.0 85.9 85.0 85.0 1800 950 5.172
1787275710 85.0 85.9 85.0 85.9 1800 950 5.230
1787275711 85.0 85.9 84.1 85.0 1800 950 5.215
1787275712 85.0 85.9 84.1 85.9 1800 950 5.240
1787275714 85.9 85.9 85.0 85.9 1608 950 5.230
1787275715 85.0 85.9 85.0 85.9 1608 950 5.240
1787275716 85.0 85.9 85.0 85.0 1608 950 5.249
1787275717 85.9 85.9 85.0 85.9 1608 950 5.220
1787275718 85.9 85.9 85.0 85.9 1608 950 5.220
1787275719 85.0 85.9 85.0 85.0 1608 950 5.249
1787275720 85.0 85.9 85.0 85.0 1608 950 5.235
1787275721 85.0 86.8 85.0 85.9 1608 950 5.235
1787275722 85.0 85.9 85.0 85.9 1608 950 5.167
1787275724 85.0 85.9 85.0 85.9 1608 950 5.225
1787275725 85.9 85.9 85.0 85.9 1608 950 5.240
1787275726 85.0 85.9 84.1 85.9 1608 950 5.215
1787275727 85.0 85.9 84.1 85.0 1800 950 5.240
1787275728 85.0 85.9 84.1 85.0 1608 950 5.235
1787275729 85.0 85.9 85.0 85.9 1608 950 5.215
1787275730 85.0 85.9 85.0 85.9 1608 950 5.215
1787275731 85.0 85.9 84.1 85.0 1608 950 5.220
1787275733 85.9 85.9 85.0 85.9 1608 950 5.259
1787275734 85.0 85.9 85.0 85.0 1608 950 5.186
1787275735 85.9 85.9 85.0 85.9 1608 950 5.215
1787275736 85.0 85.9 84.1 85.9 1608 950 5.269
1787275737 85.0 85.9 85.0 85.9 1608 950 5.215
1787275738 85.9 85.9 84.1 85.9 1608 950 5.182
1787275739 85.0 85.9 84.1 85.9 1608 950 5.244
1787275740 85.0 85.0 84.1 85.0 1800 950 5.240
1787275741 85.0 85.0 84.1 85.9 1608 950 5.225
1787275743 85.0 85.9 85.0 85.0 1608 950 5.196
1787275744 85.9 85.9 85.0 85.9 1608 950 5.201
1787275745 85.0 85.9 85.0 85.9 1608 950 5.244
1787275746 85.0 85.0 84.1 85.0 1608 950 5.240
1787275747 85.0 85.0 84.1 85.0 1800 950 5.269
1787275748 85.0 85.9 84.1 85.0 1608 950 5.225
1787275749 85.0 85.9 84.1 85.0 1800 950 5.235
1787275750 85.0 86.8 85.0 85.9 1608 950 5.230
1787275752 85.9 86.8 85.0 85.9 1800 950 5.206
1787275753 85.0 85.9 84.1 85.9 1608 950 5.254
1787275754 85.0 85.9 85.0 85.9 1608 950 5.240
1787275755 85.0 85.9 85.0 85.0 1608 950 5.225
1787275756 85.0 85.9 85.0 85.9 1608 950 5.240
1787275757 85.0 85.9 84.1 85.9 1608 950 5.225
1787275758 85.0 85.9 84.1 85.9 1608 950 5.259
1787275759 85.0 85.9 84.1 85.9 1608 950 5.215
1787275761 85.9 86.8 85.0 85.9 1608 950 5.230
1787275762 82.2 83.2 82.2 84.1 2208 950 5.196
1787275763 85.9 85.9 85.0 85.9 1800 950 5.206
1787275764 85.9 85.9 85.0 85.9 1800 950 5.211
1787275765 85.9 85.9 85.0 85.9 1608 950 5.215
1787275766 85.9 85.9 85.0 85.9 1608 950 5.235
1787275767 85.0 85.9 85.0 85.9 1608 950 5.259
1787275768 85.0 85.9 85.0 85.9 1608 950 5.240
1787275770 85.9 85.9 85.0 85.9 1608 950 5.254
1787275771 85.9 85.9 85.0 85.9 1800 950 5.220
1787275772 85.0 85.9 85.0 85.9 1608 950 5.235
1787275773 85.9 86.8 85.0 85.9 1608 950 5.254
1787275774 85.9 85.9 85.0 85.9 1608 950 5.211
1787275775 85.0 85.9 85.0 85.9 1608 950 5.225
1787275776 85.9 85.9 84.1 85.9 1608 950 5.206
1787275777 85.0 85.9 85.0 85.9 1608 950 5.254
1787275779 85.0 85.0 84.1 85.0 1608 950 5.244
1787275780 85.9 86.8 85.0 85.9 1608 950 5.191
1787275781 85.0 85.9 84.1 85.9 1608 950 5.215
1787275782 85.9 86.8 85.0 85.9 1608 950 5.206
1787275783 85.0 85.9 85.0 85.9 1800 950 5.273
1787275784 85.0 85.9 85.0 85.0 1608 950 5.215
1787275785 85.0 85.9 85.0 85.9 1608 950 5.225
1787275786 85.0 85.9 85.0 85.9 1608 950 5.225
1787275787 85.0 85.9 85.0 85.9 1608 950 5.254
1787275789 85.0 85.9 85.0 85.0 1800 950 5.167
1787275790 85.0 85.9 84.1 85.0 1608 950 5.211
1787275791 85.0 85.9 85.0 85.9 1608 950 5.215
1787275792 85.0 85.9 84.1 85.0 1608 950 5.201
1787275793 85.0 85.9 84.1 85.0 1800 950 5.240
1787275794 85.0 85.9 84.1 85.0 1800 950 5.191
1787275795 85.0 85.9 84.1 85.0 1608 950 5.249
1787275796 85.9 85.9 85.0 85.9 1800 950 5.225
1787275797 85.9 86.8 85.0 85.9 1800 950 5.225
1787275799 85.9 85.9 85.0 85.9 1800 950 5.235
1787275800 85.0 85.9 85.0 85.9 1800 950 5.264
1787275801 85.9 85.9 85.0 85.9 1800 950 5.235
1787275802 85.9 86.8 85.0 85.9 1800 950 5.235
1787275803 85.0 85.9 85.0 85.9 1800 950 5.240
1787275804 85.9 86.8 85.0 85.9 1800 950 5.211
1787275805 85.0 85.9 84.1 85.9 1608 950 5.240
1787275806 85.0 85.9 85.0 85.0 1608 950 5.230
1787275807 85.9 85.9 85.0 85.0 1608 950 5.230
1787275809 85.0 85.9 85.0 85.9 1608 950 5.264
1787275810 85.9 85.9 85.0 85.0 1608 950 5.215
1787275811 85.9 85.9 84.1 85.0 1800 950 5.259
1787275812 85.9 86.8 85.0 85.9 1608 950 5.196
1787275813 85.0 85.9 85.0 85.9 1608 950 5.254
1787275814 85.9 85.9 84.1 85.0 1608 950 5.230
1787275815 85.0 85.9 84.1 85.9 1800 950 5.220
1787275816 85.9 85.9 85.0 85.0 1608 950 5.240
1787275817 85.0 85.9 85.0 85.9 1608 950 5.211
1787275819 85.0 85.9 84.1 85.0 1800 950 5.235
1787275820 85.9 85.9 85.0 85.9 1608 950 5.215
1787275821 85.0 85.9 85.0 85.9 1608 950 5.182
1787275822 85.0 85.0 84.1 85.0 1608 950 5.225
1787275823 84.1 85.0 84.1 85.9 2016 950 5.172
1787275824 85.9 85.9 85.0 85.9 1800 950 5.182
1787275825 85.9 86.8 85.0 85.9 1416 950 5.206
1787275826 85.9 85.9 85.0 85.9 1608 950 5.191
1787275828 85.0 85.9 85.0 85.9 1416 950 5.220
1787275829 85.0 85.9 85.0 85.0 1608 950 5.230
1787275830 85.0 86.8 85.0 85.9 1608 950 5.220
1787275831 85.9 85.9 85.0 85.0 1800 950 5.196
1787275832 85.0 85.9 84.1 85.0 1608 950 5.244
1787275833 85.0 85.9 84.1 85.9 1608 950 5.211
1787275834 85.0 85.9 84.1 85.9 1800 950 5.235
1787275835 85.0 85.9 85.0 85.0 1608 950 5.191
1787275837 85.9 85.9 85.0 85.9 1608 950 5.191
1787275838 85.0 85.9 84.1 85.9 1608 950 5.254
1787275839 85.0 85.9 85.0 85.0 1608 950 5.215
1787275840 85.0 85.9 84.1 85.0 1800 950 5.225
1787275841 85.0 85.9 85.0 85.9 1608 950 5.244
1787275842 85.0 85.9 85.0 85.9 1608 950 5.225
1787275843 85.9 86.8 85.0 85.9 1800 950 5.225
1787275844 85.9 86.8 85.0 85.9 1608 950 5.230
1787275845 85.9 85.9 85.0 85.0 1800 950 5.244
1787275847 85.0 85.9 85.0 85.9 1608 950 5.201
1787275848 85.0 85.0 84.1 85.0 1608 950 5.230
1787275849 85.0 85.9 85.0 85.9 1608 950 5.269
1787275850 85.9 86.8 85.0 85.9 1608 950 5.230
1787275851 85.9 85.9 85.0 85.9 1608 950 5.230
1787275852 85.0 85.9 85.0 85.9 1608 950 5.215
1787275853 85.0 85.9 85.0 85.0 1608 950 5.196
1787275854 85.0 85.9 84.1 85.9 1608 950 5.201
1787275855 85.9 85.9 85.0 85.9 1608 950 5.235
1787275857 85.9 85.9 85.0 85.9 1608 950 5.206
1787275858 85.0 85.9 84.1 85.9 1608 950 5.249
1787275859 85.0 85.9 85.0 85.9 1608 950 5.211
1787275860 85.0 85.9 84.1 85.0 1800 950 5.196
1787275861 85.9 85.9 84.1 85.9 1608 950 5.244
1787275862 85.0 85.9 85.0 85.9 1800 950 5.220
1787275863 85.9 85.9 85.0 85.9 1608 950 5.206
1787275864 85.0 85.9 85.0 85.9 1608 950 5.244
1787275865 85.0 86.8 85.0 85.9 1608 950 5.191
1787275867 85.0 85.9 85.0 85.9 1608 950 5.264
1787275868 85.9 86.8 85.0 85.0 1608 950 5.244
1787275869 85.0 85.9 85.0 85.0 1800 950 5.259
1787275870 85.0 85.9 85.0 85.0 1608 950 5.240
1787275871 85.0 85.9 84.1 85.9 1608 950 5.259
1787275872 85.0 85.9 85.0 85.9 1608 950 5.230
1787275873 85.0 85.9 85.0 85.9 1608 950 5.259
1787275874 85.0 85.9 84.1 85.0 1608 950 5.196
1787275875 85.0 85.9 85.0 85.9 1608 950 5.235
1787275877 85.9 85.9 85.0 85.9 1608 950 5.269
1787275878 85.0 85.9 85.0 85.9 1608 950 5.211
1787275879 85.0 85.9 85.0 85.9 1608 950 5.220
1787275880 85.0 85.0 84.1 85.0 1800 950 5.254
1787275881 85.0 85.9 84.1 85.9 1608 950 5.206
1787275882 85.0 85.9 84.1 85.9 1800 950 5.211
1787275883 85.0 85.0 84.1 85.9 1800 950 5.230
1787275884 85.0 85.9 84.1 85.0 2016 950 5.201
1787275885 85.9 85.9 85.0 85.9 1608 950 5.191
1787275887 85.0 85.9 85.0 85.9 1608 950 5.220
1787275888 85.0 85.9 84.1 85.0 1608 950 5.211
1787275889 85.0 85.0 84.1 85.0 1608 950 5.230
1787275890 85.0 85.9 85.0 85.0 1800 950 5.206
1787275891 85.9 85.9 85.0 85.9 1608 950 5.240
1787275892 85.0 85.9 85.0 85.9 1608 950 5.191
1787275893 85.0 85.9 84.1 85.0 1608 950 5.240
1787275894 85.0 85.0 84.1 85.0 1800 950 5.230
1787275895 85.9 85.9 85.0 85.9 1608 950 5.244
1787275897 85.0 85.0 84.1 85.9 1800 950 5.206
1787275898 85.9 86.8 85.0 85.9 1800 950 5.201
1787275899 85.0 85.9 85.0 85.9 1608 950 5.235
1787275900 85.0 85.0 84.1 85.9 1608 950 5.249
1787275901 85.9 85.9 85.0 85.0 1608 950 5.264
1787275902 85.0 85.9 85.0 85.0 1608 950 5.201
1787275903 85.0 85.9 85.0 85.9 1608 950 5.249
1787275904 85.0 86.8 85.0 85.9 1608 950 5.230
1787275905 85.9 85.9 85.0 85.0 1608 950 5.240
1787275907 85.0 85.9 85.0 85.9 1608 950 5.215
1787275908 85.0 85.9 85.0 85.9 1608 950 5.201
1787275909 85.0 85.9 85.0 85.9 1608 950 5.273
1787275910 85.9 85.9 85.0 85.9 1608 950 5.220
1787275911 85.0 85.9 85.0 85.9 1608 950 5.220
1787275912 85.0 85.9 84.1 85.9 1608 950 5.220
1787275913 85.0 85.9 85.0 85.0 1608 950 5.235
1787275914 85.9 85.9 85.0 85.9 1608 950 5.240
1787275916 85.0 85.9 84.1 85.0 1800 950 5.283
1787275917 85.0 85.9 84.1 85.9 1608 950 5.235
1787275918 85.0 85.9 85.0 85.9 1608 950 5.249
1787275919 85.0 85.9 84.1 85.9 1608 950 5.244
1787275920 85.9 85.9 85.0 85.9 1608 950 5.244
1787275921 85.9 85.9 85.0 85.9 1608 950 5.244
1787275922 85.0 85.9 84.1 85.9 1800 950 5.254
1787275923 85.0 85.9 84.1 85.9 1800 950 5.249
1787275924 85.0 85.9 84.1 85.9 1800 950 5.225
1787275926 85.9 85.9 85.0 85.9 1800 950 5.220
1787275927 85.0 85.9 85.0 85.0 1800 950 5.220
1787275928 85.0 85.9 84.1 85.9 1800 950 5.230
1787275929 85.0 85.9 84.1 85.9 1800 950 5.220
1787275930 85.0 85.9 84.1 85.9 1800 950 5.230
1787275931 85.9 85.9 84.1 85.9 1800 950 5.264
1787275932 85.0 85.9 84.1 85.9 1800 950 5.249
1787275933 85.0 85.9 85.0 85.9 1800 950 5.235
1787275934 85.9 85.9 85.0 85.9 1800 950 5.182
1787275935 85.9 85.9 85.0 85.9 1800 950 5.220
1787275937 85.0 85.9 85.0 85.9 1800 950 5.269
1787275938 85.0 85.9 85.0 85.9 1800 950 5.211
1787275939 85.0 85.9 85.0 85.9 1800 950 5.211
1787275940 85.0 85.9 85.0 85.9 1800 950 5.240
1787275941 85.0 85.9 85.0 85.9 1800 950 5.230
1787275942 85.0 85.9 85.0 85.0 1608 950 5.259
1787275943 85.0 85.9 85.0 85.0 1608 950 5.211
1787275944 85.9 85.9 85.0 85.9 1608 950 5.186
1787275945 80.4 80.4 79.5 81.3 2208 950 5.211
1787275946 79.5 78.5 77.6 79.5 2208 950 5.293
1787275948 77.6 77.6 76.7 78.5 2208 950 5.293
1787275949 76.7 76.7 75.8 77.6 2208 950 5.278
1787275950 76.7 75.8 75.8 76.7 2208 950 5.240
1787275951 75.8 75.8 74.8 76.7 2208 950 5.269
1787275952 75.8 74.8 74.8 75.8 2208 950 5.215
1787275953 74.8 74.8 73.9 74.8 2208 950 5.240
1787275954 74.8 73.9 73.9 74.8 2208 950 5.254
1787275955 74.8 73.9 73.0 73.9 2208 950 5.302
1787275956 73.9 73.9 73.0 73.9 2208 950 5.230
1787275957 73.9 73.9 73.0 73.9 2208 950 5.293
1787275958 73.9 73.0 73.0 73.9 2208 950 5.317
1787275959 73.0 73.0 72.1 73.9 2208 950 5.312
1787275960 73.0 72.1 72.1 73.0 2208 950 5.235
1787275961 73.0 72.1 72.1 73.0 2208 950 5.312
1787275963 76.7 76.7 75.8 76.7 2208 950 5.249
1787275964 77.6 78.5 76.7 78.5 2208 950 5.269
1787275965 78.5 79.5 77.6 79.5 2208 950 5.244
1787275966 79.5 79.5 78.5 80.4 2208 950 5.225
1787275967 79.5 80.4 78.5 80.4 2208 950 5.235
1787275968 79.5 80.4 79.5 80.4 2208 950 5.273
1787275969 80.4 80.4 79.5 80.4 2208 950 5.206
1787275970 79.5 80.4 79.5 80.4 2208 950 5.254
1787275971 80.4 80.4 79.5 80.4 2208 950 5.206
1787275972 80.4 80.4 79.5 81.3 2208 950 5.283
1787275973 75.8 75.8 74.8 75.8 2208 950 5.293
1787275974 74.8 74.8 73.9 74.8 2208 950 5.288
1787275975 78.5 78.5 78.5 79.5 2208 950 5.269
1787275977 82.2 82.2 81.3 83.2 2208 950 5.220
1787275978 82.2 83.2 82.2 84.1 2208 950 5.225
1787275979 83.2 84.1 83.2 84.1 2208 950 5.206
1787275980 84.1 85.0 83.2 85.0 2208 950 5.215
1787275981 84.1 85.0 83.2 85.0 2016 950 5.196
1787275982 84.1 84.1 84.1 85.0 2016 950 5.244
1787275983 84.1 85.0 84.1 85.9 2016 950 5.215
1787275984 84.1 85.0 84.1 85.0 2016 950 5.264
1787275985 85.0 85.9 84.1 85.9 2016 950 5.206
1787275987 85.0 85.9 84.1 86.8 2016 950 5.220
1787275988 85.9 85.9 84.1 85.9 2016 950 5.215
1787275989 85.0 85.0 84.1 85.9 2016 950 5.191
1787275990 85.9 85.9 85.0 85.9 1800 950 5.215
1787275991 85.0 85.9 85.0 85.9 1800 950 5.235
1787275992 85.0 85.9 84.1 85.0 1800 950 5.215
1787275993 85.0 85.9 84.1 85.9 2016 950 5.235
1787275995 85.0 85.9 84.1 85.9 1800 950 5.225
1787275996 85.0 85.9 84.1 85.0 2016 950 5.201
1787275997 85.0 85.0 84.1 85.0 2016 950 5.215
1787275998 85.0 85.0 84.1 85.0 2016 950 5.230
1787275999 85.0 85.9 84.1 85.9 2016 950 5.235
1787276000 85.0 85.0 84.1 85.0 2016 950 5.220
1787276001 85.0 85.9 85.0 85.9 2016 950 5.244
1787276002 85.9 85.9 85.0 85.9 1800 950 5.244
1787276003 85.0 85.9 84.1 85.9 1800 950 5.225
1787276005 85.0 85.9 84.1 85.9 1800 950 5.244
1787276006 85.0 85.9 84.1 85.9 1800 950 5.225
1787276007 85.0 85.9 85.0 85.9 2016 950 5.230
1787276008 85.0 85.9 84.1 85.0 2016 950 5.235
1787276009 85.0 85.9 84.1 85.9 2016 950 5.249
1787276010 85.0 85.9 84.1 85.9 1800 950 5.177
1787276011 85.0 85.9 84.1 85.9 1800 950 5.206
1787276012 85.9 85.9 84.1 85.0 1800 950 5.215
1787276013 85.9 85.9 85.0 85.0 1800 950 5.254
1787276014 85.9 85.9 85.0 85.9 1800 950 5.244
1787276016 85.0 85.9 84.1 85.0 1800 950 5.254
1787276017 85.0 85.9 84.1 85.9 1800 950 5.259
1787276018 85.0 85.9 85.0 85.9 1800 950 5.240
1787276019 85.9 85.9 84.1 85.9 1800 950 5.244
1787276020 85.0 85.9 85.0 85.9 1800 950 5.225
1787276021 85.9 85.9 85.0 85.9 1800 950 5.215
1787276022 85.0 85.9 84.1 85.9 1800 950 5.254
1787276023 85.9 85.9 85.0 85.9 1800 950 5.215
1787276025 85.0 85.9 85.0 85.9 1800 950 5.206
1787276026 85.0 85.9 85.0 85.9 1800 950 5.182
1787276027 85.0 85.9 85.0 85.9 1608 950 5.201
1787276028 85.0 85.9 85.0 85.9 1608 950 5.211
1787276029 85.0 85.9 85.0 85.0 1800 950 5.201
1787276030 85.0 85.9 85.0 85.9 1608 950 5.196
1787276031 85.0 85.9 85.0 85.9 1608 950 5.249
1787276032 85.0 85.9 85.0 85.0 1608 950 5.206
1787276034 85.0 85.9 85.0 85.9 1608 950 5.240
1787276035 85.0 85.0 84.1 85.0 1800 950 5.211
1787276036 82.2 82.2 82.2 83.2 2208 950 5.273
1787276037 79.5 79.5 79.5 80.4 2208 950 5.288
1787276038 78.5 77.6 77.6 78.5 2208 950 5.298
1787276039 77.6 76.7 76.7 77.6 2208 950 5.278
1787276040 76.7 75.8 75.8 76.7 2208 950 5.225
1787276041 75.8 75.8 74.8 76.7 2208 950 5.230
1787276042 75.8 74.8 74.8 75.8 2208 950 5.240
1787276043 74.8 73.9 73.9 74.8 2208 950 5.312
1787276044 74.8 73.9 73.9 74.8 2208 950 5.235
1787276045 73.9 73.9 73.0 73.9 2208 950 5.288
1787276046 73.9 73.9 73.0 73.9 2208 950 5.249
1787276047 73.9 73.0 73.0 73.9 2208 950 5.235
1787276049 73.0 73.0 72.1 73.9 2208 950 5.317
1787276050 73.0 72.1 72.1 73.0 2208 950 5.254
1787276051 72.1 72.1 72.1 73.0 2208 950 5.322
1787276052 73.0 72.1 71.2 73.0 2208 950 5.278
1787276053 72.1 72.1 71.2 72.1 2208 950 5.254
1787276054 72.1 71.2 71.2 72.1 2208 950 5.254
1787276055 72.1 71.2 71.2 72.1 2208 950 5.302
1787276056 71.2 71.2 70.2 71.2 2208 950 5.240
1787276057 71.2 71.2 70.2 71.2 2208 950 5.317
1787276058 71.2 70.2 70.2 71.2 2208 950 5.283
1787276059 71.2 70.2 70.2 71.2 2208 950 5.317
1787276060 70.2 70.2 69.3 70.2 2208 950 5.264
1787276061 70.2 70.2 69.3 70.2 2208 950 5.293
1787276062 73.0 73.9 73.0 74.8 2208 950 5.196
1787276064 77.6 78.5 76.7 79.5 2208 950 5.254
1787276065 72.1 72.1 71.2 73.0 2208 950 5.249
1787276066 73.0 73.0 72.1 73.9 2208 950 5.240
1787276067 76.7 77.6 76.7 78.5 2208 950 5.235
1787276068 74.8 74.8 73.9 74.8 2208 950 5.312
1787276069 72.1 72.1 71.2 73.0 2208 950 5.307
1787276070 74.8 73.9 73.9 74.8 2208 950 5.230
1787276071 73.0 72.1 71.2 73.0 2208 950 5.259
1787276072 72.1 72.1 71.2 72.1 2208 950 5.259
1787276073 71.2 70.2 69.3 71.2 2208 950 5.206
1787276074 72.1 71.2 71.2 72.1 2208 950 5.235
1787276076 76.7 77.6 76.7 78.5 2208 950 5.230
1787276077 76.7 76.7 75.8 76.7 2208 950 5.317
1787276078 74.8 75.8 74.8 76.7 2208 950 5.264
1787276079 78.5 78.5 77.6 79.5 2208 950 5.196
1787276080 76.7 76.7 76.7 76.7 2208 950 5.307
1787276081 73.0 73.0 72.1 73.0 2208 950 5.259
1787276082 76.7 77.6 76.7 77.6 2208 950 5.225
1787276083 80.4 81.3 79.5 81.3 2208 950 5.220
1787276084 73.9 73.9 73.9 73.9 2208 950 5.230
1787276085 73.0 73.0 72.1 73.0 2208 950 5.249
1787276087 77.6 78.5 77.6 78.5 2208 950 5.206
1787276088 80.4 81.3 79.5 81.3 2208 950 5.211
1787276089 73.9 73.9 73.0 73.9 2208 950 5.288
1787276090 73.0 72.1 71.2 72.1 2208 950 5.312
1787276091 72.1 72.1 71.2 72.1 2208 950 5.244
1787276092 73.0 73.0 72.1 73.9 2208 950 5.167
1787276093 79.5 79.5 78.5 80.4 2208 950 5.220
1787276094 74.8 73.9 73.9 74.8 2208 950 5.259
1787276095 73.0 72.1 71.2 73.0 2208 950 5.302
1787276096 77.6 78.5 76.7 78.5 2208 950 5.235
1787276097 78.5 78.5 77.6 80.4 2208 950 5.235
1787276099 73.9 73.0 73.0 73.0 2208 950 5.293
1787276100 73.0 72.1 71.2 73.0 2208 950 5.307
1787276101 76.7 76.7 75.8 77.6 2208 950 5.235
1787276102 79.5 79.5 78.5 80.4 2208 950 5.249
1787276103 73.9 73.0 73.0 73.9 2208 950 5.302
1787276104 73.0 72.1 72.1 73.0 2208 950 5.298
1787276105 76.7 77.6 76.7 77.6 2208 950 5.240
1787276106 73.9 73.0 73.0 73.9 2208 950 5.288
1787276107 72.1 71.2 70.2 72.1 2208 950 5.259
1787276108 71.2 71.2 70.2 71.2 2208 950 5.293
1787276109 75.8 75.8 74.8 75.8 2208 950 5.278
1787276110 72.1 71.2 71.2 72.1 2208 950 5.278
1787276112 71.2 70.2 70.2 71.2 2208 950 5.312
1787276113 73.0 73.0 71.2 73.9 2208 950 5.215
1787276114 78.5 78.5 76.7 78.5 2208 950 5.220
1787276115 72.1 72.1 71.2 73.0 2208 950 5.273
1787276116 72.1 73.0 71.2 73.0 2208 950 5.264
1787276117 76.7 76.7 75.8 77.6 2208 950 5.206
1787276118 76.7 75.8 75.8 75.8 2208 950 5.230
1787276119 72.1 71.2 71.2 72.1 2208 950 5.288
1787276120 72.1 72.1 71.2 73.0 2208 950 5.220
1787276121 77.6 78.5 76.7 78.5 2208 950 5.172
1787276122 73.0 73.0 73.0 73.0 2208 950 5.269
1787276123 71.2 70.2 70.2 71.2 2208 950 5.259
1787276125 76.7 77.6 75.8 78.5 2208 950 5.240
1787276126 79.5 79.5 78.5 81.3 2208 950 5.211
1787276127 73.0 73.0 72.1 73.0 2208 950 5.293
1787276128 73.0 73.0 73.0 73.9 2208 950 5.307
1787276129 78.5 78.5 77.6 79.5 2208 950 5.240
1787276130 75.8 74.8 74.8 74.8 2208 950 5.317
1787276131 72.1 72.1 71.2 73.0 2208 950 5.249
1787276132 76.7 76.7 75.8 77.6 2208 950 5.235
1787276133 79.5 79.5 78.5 79.5 2208 950 5.240
1787276135 74.8 73.9 73.0 73.9 2208 950 5.273
1787276136 72.1 72.1 71.2 72.1 2208 950 5.230
1787276137 71.2 70.2 70.2 72.1 2208 950 5.230
1787276138 70.2 70.2 69.3 70.2 2208 950 5.254
1787276139 70.2 69.3 69.3 70.2 2208 950 5.317
1787276140 69.3 69.3 68.4 69.3 2208 950 5.307
1787276141 69.3 69.3 68.4 69.3 2208 950 5.298
1787276142 69.3 68.4 68.4 69.3 2208 950 5.298
1787276143 68.4 68.4 67.5 68.4 2208 950 5.240
1787276144 68.4 68.4 67.5 68.4 2208 950 5.298
1787276145 68.4 67.5 67.5 68.4 2208 950 5.293
1787276146 68.4 67.5 66.5 67.5 2208 950 5.283
1787276147 67.5 67.5 66.5 68.4 2208 950 5.269
1787276148 67.5 67.5 66.5 67.5 2208 950 5.283
1787276150 67.5 66.5 66.5 67.5 2208 950 5.307
1787276151 67.5 66.5 66.5 67.5 2208 950 5.225
1787276152 66.5 66.5 65.6 66.5 2208 950 5.254
1787276153 66.5 66.5 65.6 66.5 2208 950 5.283
1787276154 66.5 66.5 65.6 66.5 2208 950 5.298
1787276155 66.5 65.6 65.6 66.5 2208 950 5.322
1787276156 66.5 65.6 65.6 66.5 2208 950 5.235
1787276157 66.5 65.6 65.6 66.5 2208 950 5.283
1787276158 65.6 65.6 65.6 66.5 2208 950 5.302
1787276159 69.3 68.4 68.4 69.3 2208 950 5.273
1787276160 73.9 73.9 73.0 75.8 2208 950 5.220
1787276161 75.8 75.8 74.8 76.7 2208 950 5.307
1787276162 68.4 68.4 67.5 68.4 2208 950 5.230
1787276164 70.2 71.2 69.3 72.1 2208 950 5.186
1787276165 72.1 73.9 72.1 73.9 2208 950 5.162
1787276166 69.3 68.4 68.4 69.3 2208 950 5.249
1787276167 73.0 73.0 72.1 73.9 2208 950 5.206
1787276168 75.8 75.8 74.8 75.8 2208 950 5.298
1787276169 69.3 69.3 68.4 69.3 2208 950 5.230
1787276170 68.4 67.5 66.5 68.4 2208 950 5.230
1787276171 67.5 67.5 66.5 67.5 2208 950 5.273
1787276172 67.5 66.5 66.5 68.4 2208 950 5.249
1787276173 67.5 66.5 65.6 67.5 2208 950 5.283
1787276175 66.5 65.6 65.6 66.5 2208 950 5.288
1787276176 69.3 69.3 68.4 70.2 2208 950 5.269
1787276177 71.2 71.2 70.2 71.2 2208 950 5.293
1787276178 73.0 73.0 72.1 73.0 2208 950 5.293
1787276179 68.4 67.5 67.5 68.4 2208 950 5.254
1787276180 70.2 70.2 69.3 70.2 2208 950 5.244
1787276181 71.2 71.2 71.2 71.2 2208 950 5.307
1787276182 68.4 67.5 67.5 67.5 2208 950 5.317
1787276183 74.8 75.8 74.8 76.7 2208 950 5.215
1787276184 70.2 70.2 69.3 70.2 2208 950 5.235
1787276185 68.4 68.4 67.5 68.4 2208 950 5.259
1787276186 67.5 67.5 66.5 67.5 2208 950 5.302
1787276187 74.8 74.8 73.9 76.7 2208 950 5.182
1787276189 69.3 69.3 68.4 69.3 2208 950 5.244
1787276190 68.4 67.5 67.5 68.4 2208 950 5.254
1787276191 70.2 69.3 69.3 70.2 2208 950 5.288
1787276192 68.4 67.5 66.5 68.4 2208 950 5.244
1787276193 67.5 67.5 66.5 67.5 2208 950 5.269
1787276194 67.5 67.5 66.5 67.5 2208 950 5.264
1787276195 66.5 66.5 65.6 66.5 2208 950 5.298
1787276196 72.1 72.1 71.2 73.0 2208 950 5.186
1787276197 67.5 67.5 66.5 67.5 2208 950 5.240
1787276198 66.5 66.5 65.6 66.5 2208 950 5.283
1787276199 66.5 65.6 65.6 66.5 2208 950 5.240
1787276200 69.3 70.2 69.3 71.2 2208 950 5.215
1787276202 73.0 73.9 73.0 73.0 2208 950 5.225
1787276203 68.4 67.5 67.5 68.4 2208 950 5.269
1787276204 66.5 66.5 65.6 66.5 2208 950 5.244
1787276205 66.5 65.6 65.6 66.5 2208 950 5.312
1787276206 65.6 65.6 64.7 66.5 2208 950 5.302
1787276207 69.3 70.2 68.4 71.2 2208 950 5.225
1787276208 73.9 74.8 73.0 74.8 2208 950 5.269
1787276209 68.4 68.4 67.5 68.4 2208 950 5.235
1787276210 73.0 73.9 72.1 73.9 2208 950 5.220
1787276211 73.9 74.8 73.0 75.8 2208 950 5.220
1787276212 69.3 68.4 68.4 69.3 2208 950 5.312
1787276214 67.5 67.5 66.5 67.5 2208 950 5.201
1787276215 73.0 73.0 72.1 72.1 2208 950 5.312
1787276216 68.4 67.5 67.5 68.4 2208 950 5.273
1787276217 73.9 74.8 73.9 74.8 2208 950 5.288
1787276218 68.4 67.5 67.5 68.4 2208 950 5.317
1787276219 67.5 66.5 66.5 66.5 2208 950 5.230
1787276220 66.5 66.5 65.6 66.5 2208 950 5.298
1787276221 67.5 68.4 67.5 69.3 2208 950 5.215
1787276222 69.3 69.3 68.4 69.3 2208 950 5.283
1787276223 67.5 67.5 66.5 67.5 2208 950 5.293
1787276224 72.1 72.1 71.2 73.0 2208 950 5.196
1787276225 70.2 69.3 69.3 69.3 2208 950 5.293
1787276226 74.8 75.8 74.8 76.7 2208 950 5.264
1787276228 75.8 76.7 74.8 77.6 2208 950 5.220
1787276229 69.3 69.3 68.4 69.3 2208 950 5.269
1787276230 72.1 72.1 71.2 73.9 2208 950 5.220
1787276231 75.8 75.8 74.8 76.7 2208 950 5.259
1787276232 72.1 71.2 71.2 72.1 2208 950 5.307
1787276233 72.1 73.0 72.1 73.9 2208 950 5.206
1787276234 71.2 70.2 70.2 71.2 2208 950 5.240
1787276235 69.3 68.4 67.5 69.3 2208 950 5.235
1787276236 69.3 69.3 68.4 69.3 2208 950 5.293
1787276237 68.4 67.5 67.5 68.4 2208 950 5.302
1787276238 67.5 66.5 66.5 67.5 2208 950 5.235
1787276240 67.5 66.5 65.6 67.5 2208 950 5.302
1787276241 66.5 65.6 65.6 66.5 2208 950 5.293
1787276242 66.5 65.6 64.7 66.5 2208 950 5.240
1787276243 65.6 65.6 64.7 65.6 2208 950 5.244
1787276244 65.6 64.7 64.7 65.6 2208 950 5.302
1787276245 65.6 64.7 64.7 65.6 2208 950 5.264
1787276246 64.7 64.7 63.8 65.6 2208 950 5.293
1787276247 64.7 64.7 63.8 64.7 2208 950 5.254
1787276248 64.7 64.7 63.8 64.7 2208 950 5.288
1787276249 64.7 63.8 63.8 64.7 2208 950 5.293
1787276250 64.7 63.8 62.8 64.7 2208 950 5.230
1787276251 64.7 63.8 62.8 64.7 2208 950 5.312
1787276252 63.8 63.8 62.8 64.7 2208 950 5.317
1787276253 63.8 63.8 62.8 63.8 2208 950 5.293
1787276255 63.8 62.8 62.8 64.7 2208 950 5.317
1787276256 63.8 62.8 62.8 63.8 2208 950 5.307
1787276257 63.8 62.8 62.8 63.8 2208 950 5.230
1787276258 62.8 62.8 62.8 63.8 2208 950 5.254
1787276259 62.8 62.8 61.9 62.8 2208 950 5.288
1787276260 62.8 62.8 61.9 62.8 2208 950 5.293
1787276261 63.8 62.8 61.9 63.8 2208 950 5.225
1787276262 62.8 62.8 61.9 62.8 2208 950 5.322
1787276263 62.8 62.8 61.9 62.8 2208 950 5.273
1787276264 67.5 68.4 67.5 69.3 2208 950 5.206
1787276265 69.3 69.3 68.4 69.3 2208 950 5.249
1787276266 65.6 64.7 64.7 65.6 2208 950 5.269
1787276267 65.6 64.7 64.7 65.6 2208 950 5.288
1787276268 70.2 71.2 69.3 71.2 2208 950 5.302
1787276270 67.5 67.5 66.5 67.5 2208 950 5.240
1787276271 64.7 64.7 63.8 65.6 2208 950 5.302
1787276272 64.7 63.8 62.8 64.7 2208 950 5.293
1787276273 64.7 63.8 62.8 64.7 2208 950 5.307
1787276274 63.8 62.8 62.8 63.8 2208 950 5.288
1787276275 68.4 68.4 67.5 68.4 2208 950 5.225
1787276276 67.5 68.4 67.5 69.3 2208 950 5.278
1787276277 66.5 66.5 65.6 66.5 2208 950 5.235
1787276278 72.1 72.1 71.2 73.0 2208 950 5.235
1787276279 66.5 66.5 65.6 66.5 2208 950 5.307
1787276280 70.2 71.2 69.3 71.2 2208 950 5.215
1787276281 68.4 67.5 67.5 68.4 2208 950 5.283
1787276282 65.6 65.6 64.7 65.6 2208 950 5.240
1787276284 66.5 66.5 65.6 67.5 2208 950 5.269
1787276285 72.1 73.0 72.1 73.0 2208 950 5.235
1787276286 68.4 68.4 67.5 68.4 2208 950 5.317
1787276287 66.5 65.6 65.6 66.5 2208 950 5.269
1787276288 72.1 73.0 71.2 73.0 2208 950 5.240
1787276289 66.5 65.6 65.6 66.5 2208 950 5.269
1787276290 65.6 65.6 64.7 65.6 2208 950 5.283
1787276291 71.2 72.1 71.2 73.0 2208 950 5.254
1787276292 69.3 68.4 68.4 69.3 2208 950 5.240
1787276293 66.5 66.5 65.6 67.5 2208 950 5.322
1787276295 67.5 68.4 67.5 69.3 2208 950 5.235
1787276296 69.3 68.4 68.4 69.3 2208 950 5.298
1787276297 66.5 66.5 65.6 66.5 2208 950 5.302
1787276298 72.1 72.1 71.2 73.0 2208 950 5.259
1787276299 73.9 73.9 73.0 74.8 2208 950 5.196
1787276300 68.4 68.4 67.5 68.4 2208 950 5.235
1787276301 66.5 66.5 65.6 66.5 2208 950 5.230
1787276302 73.9 73.9 73.0 74.8 2208 950 5.215
1787276303 74.8 75.8 73.9 75.8 2208 950 5.244
1787276305 68.4 67.5 67.5 68.4 2208 950 5.298
1787276306 70.2 71.2 69.3 71.2 2208 950 5.230
1787276307 73.9 74.8 73.9 74.8 2208 950 5.269
1787276308 70.2 70.2 69.3 70.2 2208 950 5.307
1787276309 68.4 67.5 66.5 67.5 2208 950 5.249
1787276310 72.1 73.0 71.2 73.0 2208 950 5.196
1787276311 74.8 75.8 73.9 76.7 2208 950 5.220
1787276312 69.3 68.4 68.4 69.3 2208 950 5.302
1787276313 68.4 66.5 66.5 68.4 2208 950 5.225
1787276314 72.1 73.0 71.2 73.0 2208 950 5.201
1787276316 73.0 73.0 72.1 73.0 2208 950 5.302
1787276317 68.4 68.4 67.5 68.4 2208 950 5.273
1787276318 68.4 67.5 66.5 68.4 2208 950 5.278
1787276319 73.0 74.8 73.0 73.9 2208 950 5.215
1787276320 69.3 69.3 68.4 69.3 2208 950 5.249
1787276321 67.5 66.5 66.5 67.5 2208 950 5.244
1787276322 72.1 72.1 71.2 72.1 2208 950 5.206
1787276323 72.1 72.1 71.2 72.1 2208 950 5.283
1787276324 68.4 67.5 67.5 68.4 2208 950 5.302
1787276325 73.0 73.0 72.1 73.9 2208 950 5.201
1787276326 68.4 68.4 67.5 68.4 2208 950 5.293
1787276327 67.5 66.5 66.5 66.5 2208 950 5.244
1787276329 68.4 68.4 67.5 68.4 2208 950 5.288
1787276330 73.0 73.0 72.1 73.0 2208 950 5.240
1787276331 67.5 67.5 66.5 67.5 2208 950 5.293
1787276332 66.5 66.5 65.6 66.5 2208 950 5.273
1787276333 73.0 73.0 72.1 73.0 2208 950 5.307
1787276334 70.2 69.3 69.3 70.2 2208 950 5.220
1787276335 67.5 66.5 66.5 67.5 2208 950 5.249
1787276336 66.5 65.6 65.6 67.5 2208 950 5.298
1787276337 65.6 65.6 64.7 65.6 2208 950 5.235
1787276338 65.6 65.6 64.7 65.6 2208 950 5.235
1787276339 64.7 64.7 63.8 64.7 2208 950 5.273
1787276340 64.7 63.8 63.8 64.7 2208 950 5.312
1787276341 64.7 63.8 63.8 64.7 2208 950 5.215
1787276342 63.8 63.8 62.8 63.8 2208 950 5.259
1787276343 63.8 63.8 62.8 63.8 2208 950 5.244
1787276345 63.8 62.8 62.8 63.8 2208 950 5.307
1787276346 62.8 62.8 61.9 62.8 2208 950 5.307
1787276347 62.8 62.8 61.9 62.8 2208 950 5.322
1787276348 62.8 62.8 61.9 62.8 2208 950 5.235
1787276349 62.8 61.9 61.9 62.8 2208 950 5.249
1787276350 62.8 61.9 61.9 62.8 2208 950 5.307
1787276351 62.8 61.9 61.0 61.9 2208 950 5.259
1787276352 61.9 61.9 61.0 61.9 2208 950 5.264
1787276353 61.9 61.9 61.0 61.9 2208 950 5.269
1787276354 61.9 61.9 61.0 61.9 2208 950 5.220
1787276355 61.9 61.0 61.0 61.9 2208 950 5.302
1787276356 61.9 61.0 61.0 61.9 2208 950 5.235
1787276357 61.9 61.0 61.0 61.9 2208 950 5.293
1787276358 61.0 61.0 61.0 61.9 2208 950 5.317
1787276359 61.0 61.0 60.1 61.9 2208 950 5.244
1787276361 68.4 68.4 67.5 69.3 2208 950 5.244
1787276362 63.8 63.8 62.8 63.8 2208 950 5.307
1787276363 62.8 61.9 61.9 62.8 2208 950 5.235
1787276364 67.5 67.5 66.5 68.4 2208 950 5.215
1787276365 65.6 65.6 65.6 66.5 2208 950 5.206
1787276366 66.5 66.5 65.6 66.5 2208 950 5.225
1787276367 67.5 67.5 66.5 67.5 2208 950 5.283
1787276368 66.5 67.5 66.5 67.5 2208 950 5.264
1787276369 68.4 69.3 68.4 69.3 2208 950 5.215
1787276370 65.6 65.6 65.6 66.5 2208 950 5.293
1787276372 64.7 64.7 63.8 65.6 2208 950 5.240
1787276373 63.8 63.8 62.8 63.8 2208 950 5.312
1787276374 64.7 63.8 62.8 64.7 2208 950 5.259
1787276375 63.8 63.8 62.8 63.8 2208 950 5.254
1787276376 62.8 62.8 61.9 62.8 2208 950 5.259
1787276377 62.8 61.9 61.9 62.8 2208 950 5.259
1787276378 61.9 61.9 61.0 61.9 2208 950 5.283
1787276379 69.3 70.2 68.4 71.2 2208 950 5.201
1787276380 64.7 64.7 63.8 64.7 2208 950 5.293
1787276381 67.5 68.4 66.5 68.4 2208 950 5.235
1787276382 64.7 63.8 62.8 64.7 2208 950 5.307
1787276383 63.8 62.8 62.8 63.8 2208 950 5.312
1787276384 70.2 70.2 69.3 71.2 2208 950 5.215
1787276386 66.5 65.6 65.6 66.5 2208 950 5.264
1787276387 64.7 63.8 62.8 64.7 2208 950 5.317
1787276388 66.5 66.5 65.6 67.5 2208 950 5.235
1787276389 69.3 68.4 68.4 69.3 2208 950 5.283
1787276390 70.2 70.2 69.3 71.2 2208 950 5.225
1787276391 71.2 72.1 70.2 72.1 2208 950 5.298
1787276392 65.6 65.6 64.7 65.6 2208 950 5.249
1787276393 65.6 67.5 65.6 68.4 2208 950 5.249
1787276394 66.5 65.6 65.6 66.5 2208 950 5.278
1787276395 70.2 70.2 69.3 71.2 2208 950 5.240
1787276397 66.5 67.5 65.6 68.4 2208 950 5.215
1787276398 66.5 66.5 65.6 66.5 2208 950 5.298
1787276399 64.7 64.7 63.8 65.6 2208 950 5.283
1787276400 63.8 63.8 62.8 63.8 2208 950 5.269
1787276401 70.2 71.2 70.2 71.2 2208 950 5.220
1787276402 65.6 65.6 64.7 65.6 2208 950 5.312
1787276403 64.7 63.8 63.8 64.7 2208 950 5.249
1787276404 63.8 63.8 62.8 63.8 2208 950 5.317
1787276405 62.8 62.8 61.9 62.8 2208 950 5.312
1787276406 69.3 70.2 68.4 70.2 2208 950 5.206
1787276407 69.3 69.3 68.4 70.2 2208 950 5.191
1787276409 69.3 68.4 68.4 69.3 2208 950 5.298
1787276410 64.7 64.7 63.8 65.6 2208 950 5.312
1787276411 64.7 64.7 62.8 64.7 2208 950 5.235
1787276412 68.4 68.4 67.5 68.4 2208 950 5.307
1787276413 67.5 66.5 66.5 67.5 2208 950 5.302
1787276414 64.7 64.7 64.7 65.6 2208 950 5.269
1787276415 72.1 73.0 71.2 73.0 2208 950 5.157
1787276416 66.5 65.6 65.6 66.5 2208 950 5.254
1787276417 66.5 67.5 65.6 67.5 2208 950 5.220
1787276418 72.1 72.1 71.2 73.0 2208 950 5.215
1787276419 72.1 73.0 71.2 72.1 2208 950 5.249
1787276421 68.4 69.3 67.5 69.3 2208 950 5.220
1787276422 67.5 67.5 66.5 67.5 2208 950 5.278
1787276423 65.6 65.6 64.7 65.6 2208 950 5.230
1787276424 64.7 63.8 63.8 64.7 2208 950 5.293
1787276425 71.2 72.1 71.2 72.1 2208 950 5.206
1787276426 71.2 72.1 71.2 72.1 2208 950 5.211
1787276427 66.5 65.6 64.7 66.5 2208 950 5.244
1787276428 64.7 63.8 63.8 65.6 2208 950 5.283
1787276429 71.2 71.2 70.2 72.1 2208 950 5.201
1787276430 69.3 69.3 69.3 69.3 2208 950 5.264
1787276431 66.5 65.6 65.6 66.5 2208 950 5.317
1787276432 65.6 64.7 63.8 65.6 2208 950 5.254
1787276433 64.7 63.8 63.8 64.7 2208 950 5.307
1787276435 63.8 63.8 62.8 63.8 2208 950 5.259
1787276436 63.8 63.8 62.8 63.8 2208 950 5.264
1787276437 62.8 62.8 62.8 63.8 2208 950 5.278
1787276438 63.8 62.8 61.9 63.8 2208 950 5.240
1787276439 62.8 62.8 61.9 63.8 2208 950 5.240
1787276440 62.8 62.8 61.9 62.8 2208 950 5.249
1787276441 62.8 62.8 61.9 62.8 2208 950 5.288
1787276442 62.8 61.9 61.9 61.9 2208 950 5.249
1787276443 61.9 61.9 61.0 62.8 2208 950 5.249
1787276444 61.9 61.9 61.0 61.9 2208 950 5.240
1787276445 61.9 61.9 61.0 61.9 2208 950 5.293
1787276446 61.9 61.9 61.0 61.9 2208 950 5.302
1787276447 61.9 61.0 61.0 61.9 2208 950 5.317
1787276448 61.9 61.0 61.0 61.9 2208 950 5.254
1787276450 61.9 61.0 60.1 61.9 2208 950 5.273
1787276451 61.0 61.0 60.1 61.9 2208 950 5.254
1787276452 61.0 61.0 60.1 61.0 2208 950 5.278
1787276453 61.0 61.0 60.1 61.0 2208 950 5.249
1787276454 61.0 61.0 60.1 61.9 2208 950 5.269
1787276455 61.0 61.0 60.1 61.0 2208 950 5.317
1787276456 61.0 60.1 60.1 60.1 2208 950 5.283
1787276457 61.0 60.1 60.1 61.0 2208 950 5.254
1787276458 61.0 60.1 59.2 60.1 2208 950 5.230
1787276459 64.7 65.6 63.8 64.7 2208 950 5.235
1787276460 65.6 66.5 65.6 66.5 2208 950 5.254
1787276461 66.5 67.5 66.5 67.5 2208 950 5.201
1787276462 67.5 68.4 66.5 68.4 2208 950 5.220
1787276463 67.5 68.4 67.5 68.4 2208 950 5.225
1787276465 68.4 69.3 67.5 69.3 2208 950 5.215
1787276466 68.4 69.3 68.4 69.3 2208 950 5.254
1787276467 68.4 69.3 68.4 69.3 2208 950 5.240
1787276468 69.3 69.3 68.4 69.3 2208 950 5.273
1787276469 69.3 69.3 68.4 69.3 2208 950 5.273
1787276470 65.6 64.7 64.7 64.7 2208 950 5.283
1787276471 64.7 64.7 63.8 64.7 2208 950 5.244
1787276472 68.4 69.3 67.5 69.3 2208 950 5.259
1787276473 71.2 72.1 71.2 73.0 2208 950 5.201
1787276474 73.0 73.0 72.1 73.9 2208 950 5.235
1787276475 73.0 73.9 72.1 73.9 2208 950 5.206
1787276477 73.9 73.9 73.0 74.8 2208 950 5.230
1787276478 73.9 74.8 73.9 75.8 2208 950 5.206
1787276479 75.8 75.8 73.9 75.8 2208 950 5.215
1787276480 74.8 74.8 73.9 75.8 2208 950 5.225
1787276481 75.8 75.8 74.8 76.7 2208 950 5.215
1787276482 75.8 75.8 74.8 75.8 2208 950 5.220
1787276483 75.8 75.8 74.8 75.8 2208 950 5.186
1787276484 76.7 76.7 75.8 77.6 2208 950 5.172
1787276486 76.7 77.6 76.7 78.5 2208 950 5.230
1787276487 76.7 77.6 76.7 79.5 2208 950 5.220
1787276488 77.6 78.5 77.6 79.5 2208 950 5.240
1787276489 77.6 77.6 76.7 78.5 2208 950 5.191
1787276490 77.6 78.5 76.7 79.5 2208 950 5.206
1787276491 77.6 78.5 76.7 79.5 2208 950 5.206
1787276492 78.5 79.5 77.6 80.4 2208 950 5.254
1787276493 78.5 79.5 78.5 80.4 2208 950 5.201
1787276495 79.5 79.5 78.5 80.4 2208 950 5.240
1787276496 80.4 80.4 79.5 81.3 2208 950 5.167
1787276497 79.5 80.4 79.5 81.3 2208 950 5.206
1787276498 79.5 80.4 79.5 81.3 2208 950 5.206
1787276499 79.5 80.4 79.5 81.3 2208 950 5.162
1787276500 79.5 80.4 79.5 80.4 2208 950 5.206
1787276501 80.4 80.4 79.5 81.3 2208 950 5.240
1787276503 80.4 80.4 79.5 82.2 2208 950 5.254
1787276504 80.4 80.4 79.5 81.3 2208 950 5.177
1787276505 80.4 81.3 80.4 82.2 2208 950 5.172
1787276506 81.3 82.2 80.4 82.2 2208 950 5.206
1787276507 80.4 81.3 80.4 82.2 2208 950 5.206
1787276508 81.3 82.2 80.4 82.2 2208 950 5.191
1787276509 80.4 81.3 80.4 82.2 2208 950 5.220
1787276510 81.3 82.2 80.4 82.2 2208 950 5.254
1787276512 80.4 81.3 80.4 82.2 2208 950 5.235
1787276513 82.2 82.2 81.3 82.2 2208 950 5.215
1787276514 81.3 82.2 80.4 83.2 2208 950 5.196
1787276515 82.2 82.2 81.3 84.1 2208 950 5.196
1787276516 82.2 82.2 81.3 83.2 2208 950 5.196
1787276517 82.2 82.2 81.3 84.1 2208 950 5.196
1787276518 82.2 83.2 82.2 84.1 2208 950 5.201
1787276519 83.2 83.2 82.2 84.1 2208 950 5.215
1787276521 83.2 83.2 82.2 84.1 2208 950 5.235
1787276522 83.2 84.1 82.2 84.1 2208 950 5.235
1787276523 82.2 83.2 82.2 83.2 2208 950 5.206
1787276524 82.2 83.2 82.2 83.2 2208 950 5.186
1787276525 83.2 84.1 83.2 85.0 2208 950 5.215
1787276526 84.1 84.1 83.2 85.0 2208 950 5.220
1787276527 84.1 84.1 83.2 85.0 2208 950 5.191
1787276528 83.2 84.1 83.2 84.1 2208 950 5.201
1787276530 84.1 84.1 83.2 85.0 2208 950 5.240
1787276531 84.1 84.1 83.2 85.0 2208 950 5.230
1787276532 83.2 84.1 83.2 85.9 2016 950 5.235
1787276533 76.7 76.7 76.7 78.5 2208 950 5.225
1787276534 75.8 74.8 73.9 75.8 2208 950 5.298
1787276535 73.9 73.0 73.9 76.7 2208 950 5.264
1787276536 73.0 73.0 72.1 73.0 2208 950 5.293
1787276537 73.0 72.1 72.1 73.0 2208 950 5.230
1787276538 72.1 71.2 71.2 72.1 2208 950 5.288
1787276539 71.2 71.2 70.2 71.2 2208 950 5.249
1787276541 71.2 70.2 70.2 71.2 2208 950 5.240
1787276542 70.2 70.2 69.3 71.2 2208 950 5.317
1787276543 70.2 69.3 69.3 70.2 2208 950 5.302
1787276544 69.3 69.3 69.3 70.2 2208 950 5.230
1787276545 69.3 69.3 68.4 69.3 2208 950 5.264
1787276546 69.3 68.4 68.4 69.3 2208 950 5.273
1787276547 69.3 68.4 68.4 69.3 2208 950 5.254
1787276548 68.4 68.4 67.5 69.3 2208 950 5.293
1787276549 68.4 68.4 67.5 68.4 2208 950 5.273
1787276550 68.4 67.5 67.5 68.4 2208 950 5.283
1787276551 68.4 67.5 67.5 68.4 2208 950 5.293
1787276552 67.5 67.5 66.5 67.5 2208 950 5.283
1787276553 67.5 66.5 66.5 67.5 2208 950 5.278
1787276554 67.5 66.5 66.5 67.5 2208 950 5.293
1787276555 66.5 66.5 66.5 67.5 2208 950 5.322
1787276557 66.5 66.5 65.6 67.5 2208 950 5.312
1787276558 71.2 72.1 71.2 73.0 2208 950 5.215
1787276559 71.2 71.2 70.2 71.2 2208 950 5.307
1787276560 68.4 68.4 67.5 68.4 2208 950 5.235
1787276561 68.4 68.4 68.4 69.3 2208 950 5.273
1787276562 73.9 73.9 73.0 74.8 2208 950 5.225
1787276563 70.2 69.3 69.3 70.2 2208 950 5.244
1787276564 68.4 67.5 67.5 68.4 2208 950 5.307
1787276565 70.2 71.2 70.2 72.1 2208 950 5.186
1787276566 71.2 70.2 70.2 71.2 2208 950 5.288
1787276567 69.3 68.4 68.4 69.3 2208 950 5.278
1787276569 68.4 67.5 66.5 68.4 2208 950 5.273
1787276570 67.5 66.5 66.5 67.5 2208 950 5.244
1787276571 72.1 71.2 71.2 72.1 2208 950 5.235
1787276572 72.1 71.2 71.2 71.2 2208 950 5.254
1787276573 70.2 69.3 69.3 70.2 2208 950 5.307
1787276574 68.4 67.5 67.5 68.4 2208 950 5.283
1787276575 72.1 73.0 71.2 73.0 2208 950 5.254
1787276576 73.0 73.0 72.1 73.9 2208 950 5.240
1787276577 75.8 76.7 74.8 76.7 2208 950 5.211
1787276578 69.3 68.4 68.4 69.3 2208 950 5.273
1787276579 68.4 67.5 67.5 68.4 2208 950 5.278
1787276580 67.5 66.5 66.5 67.5 2208 950 5.269
1787276582 66.5 66.5 65.6 67.5 2208 950 5.269
1787276583 72.1 73.0 71.2 73.9 2208 950 5.225
1787276584 70.2 70.2 69.3 70.2 2208 950 5.240
1787276585 68.4 68.4 67.5 68.4 2208 950 5.307
1787276586 67.5 66.5 66.5 67.5 2208 950 5.235
1787276587 66.5 66.5 65.6 66.5 2208 950 5.259
1787276588 70.2 70.2 69.3 72.1 2208 950 5.220
1787276589 69.3 69.3 69.3 69.3 2208 950 5.307
1787276590 71.2 70.2 70.2 71.2 2208 950 5.322
1787276591 73.9 73.9 73.0 74.8 2208 950 5.225
1787276592 69.3 68.4 68.4 69.3 2208 950 5.307
1787276593 67.5 67.5 67.5 68.4 2208 950 5.293
1787276594 71.2 71.2 70.2 72.1 2208 950 5.293
1787276596 74.8 75.8 74.8 75.8 2208 950 5.220
1787276597 71.2 71.2 71.2 73.0 2208 950 5.186
1787276598 71.2 71.2 70.2 71.2 2208 950 5.269
1787276599 71.2 70.2 70.2 71.2 2208 950 5.249
1787276600 73.9 75.8 73.9 75.8 2208 950 5.215
1787276601 71.2 70.2 70.2 70.2 2208 950 5.298
1787276602 68.4 68.4 68.4 68.4 2208 950 5.249
1787276603 68.4 67.5 66.5 68.4 2208 950 5.225
1787276604 72.1 73.0 72.1 73.9 2208 950 5.182
1787276605 69.3 69.3 68.4 69.3 2208 950 5.225
1787276606 68.4 67.5 67.5 68.4 2208 950 5.240
1787276608 67.5 66.5 66.5 67.5 2208 950 5.293
1787276609 73.0 73.9 73.0 74.8 2208 950 5.206
1787276610 68.4 68.4 67.5 68.4 2208 950 5.244
1787276611 67.5 67.5 66.5 67.5 2208 950 5.312
1787276612 66.5 66.5 65.6 67.5 2208 950 5.240
1787276613 72.1 71.2 71.2 72.1 2208 950 5.249
1787276614 67.5 67.5 66.5 67.5 2208 950 5.273
1787276615 67.5 66.5 65.6 66.5 2208 950 5.254
1787276616 65.6 65.6 64.7 65.6 2208 950 5.249
1787276617 65.6 65.6 64.7 66.5 2208 950 5.220
1787276618 69.3 69.3 68.4 69.3 2208 950 5.298
1787276619 68.4 68.4 68.4 68.4 2208 950 5.244
1787276620 67.5 66.5 65.6 66.5 2208 950 5.259
1787276622 73.0 73.9 72.1 74.8 2208 950 5.196
1787276623 68.4 68.4 67.5 68.4 2208 950 5.254
1787276624 72.1 73.0 72.1 73.9 2208 950 5.215
1787276625 74.8 74.8 73.9 75.8 2208 950 5.196
1787276626 68.4 68.4 68.4 69.3 2208 950 5.288
1787276627 67.5 67.5 66.5 67.5 2208 950 5.293
1787276628 70.2 70.2 69.3 71.2 2208 950 5.211
1787276629 69.3 68.4 68.4 69.3 2208 950 5.273
1787276630 72.1 73.0 72.1 73.9 2208 950 5.235
1787276632 68.4 67.5 67.5 68.4 2208 950 5.302
1787276633 67.5 66.5 66.5 67.5 2208 950 5.278
1787276634 66.5 65.6 65.6 67.5 2208 950 5.273
1787276635 66.5 65.6 65.6 65.6 2208 950 5.278
1787276636 65.6 65.6 64.7 65.6 2208 950 5.317
1787276637 65.6 64.7 64.7 65.6 2208 950 5.235
1787276638 65.6 64.7 63.8 65.6 2208 950 5.273
1787276639 64.7 64.7 63.8 64.7 2208 950 5.288
1787276640 64.7 64.7 63.8 64.7 2208 950 5.240
1787276641 64.7 63.8 63.8 64.7 2208 950 5.254
1787276642 64.7 63.8 63.8 64.7 2208 950 5.283
1787276643 63.8 63.8 62.8 64.7 2208 950 5.269
1787276644 63.8 63.8 62.8 63.8 2208 950 5.249
1787276645 63.8 63.8 62.8 63.8 2208 950 5.307
1787276647 63.8 63.8 62.8 63.8 2208 950 5.312
1787276648 63.8 62.8 62.8 63.8 2208 950 5.322
1787276649 62.8 62.8 62.8 63.8 2208 950 5.249
1787276650 63.8 62.8 61.9 62.8 2208 950 5.307
1787276651 63.8 62.8 61.9 63.8 2208 950 5.327
1787276652 62.8 62.8 61.9 62.8 2208 950 5.302
1787276653 62.8 62.8 61.9 62.8 2208 950 5.283
1787276654 62.8 61.9 61.9 62.8 2208 950 5.264
1787276655 62.8 61.9 61.9 62.8 2208 950 5.269
1787276656 66.5 67.5 65.6 67.5 2208 950 5.244
1787276657 68.4 68.4 67.5 68.4 2208 950 5.220
1787276658 69.3 69.3 68.4 69.3 2208 950 5.211
1787276659 69.3 69.3 68.4 70.2 2208 950 5.230
1787276660 70.2 71.2 69.3 70.2 2208 950 5.249
1787276661 70.2 70.2 69.3 70.2 2208 950 5.264
1787276663 71.2 71.2 70.2 71.2 2208 950 5.259
1787276664 70.2 71.2 70.2 70.2 2208 950 5.220
1787276665 71.2 71.2 70.2 71.2 2208 950 5.259
1787276666 70.2 69.3 69.3 70.2 2208 950 5.230
1787276667 66.5 66.5 66.5 67.5 2208 950 5.312
1787276668 66.5 65.6 64.7 66.5 2208 950 5.244
1787276669 72.1 72.1 71.2 73.0 2208 950 5.230
1787276670 74.8 74.8 73.0 75.8 2208 950 5.244
1787276671 74.8 74.8 74.8 76.7 2208 950 5.240
1787276672 75.8 75.8 74.8 77.6 2208 950 5.201
1787276674 76.7 77.6 75.8 77.6 2208 950 5.225
1787276675 75.8 76.7 75.8 76.7 2208 950 5.211
1787276676 76.7 77.6 76.7 78.5 2208 950 5.196
1787276677 77.6 78.5 76.7 78.5 2208 950 5.220
1787276678 78.5 78.5 77.6 79.5 2208 950 5.215
1787276679 78.5 78.5 77.6 79.5 2208 950 5.230
1787276680 78.5 78.5 77.6 79.5 2208 950 5.201
1787276681 78.5 79.5 77.6 79.5 2208 950 5.244
1787276683 79.5 79.5 78.5 80.4 2208 950 5.196
1787276684 79.5 79.5 78.5 80.4 2208 950 5.240
1787276685 79.5 79.5 78.5 80.4 2208 950 5.215
1787276686 79.5 80.4 78.5 81.3 2208 950 5.201
1787276687 79.5 80.4 79.5 81.3 2208 950 5.211
1787276688 79.5 80.4 79.5 82.2 2208 950 5.162
1787276689 80.4 80.4 79.5 81.3 2208 950 5.220
1787276691 81.3 82.2 80.4 82.2 2208 950 5.235
1787276692 80.4 81.3 80.4 82.2 2208 950 5.220
1787276693 81.3 81.3 80.4 82.2 2208 950 5.249
1787276694 82.2 82.2 81.3 83.2 2208 950 5.230
1787276695 81.3 82.2 80.4 83.2 2208 950 5.225
1787276696 81.3 82.2 81.3 83.2 2208 950 5.283
1787276697 82.2 82.2 81.3 83.2 2208 950 5.186
1787276699 81.3 82.2 80.4 83.2 2208 950 5.249
1787276700 82.2 83.2 81.3 83.2 2208 950 5.201
1787276701 82.2 82.2 81.3 83.2 2208 950 5.196
1787276702 82.2 83.2 82.2 84.1 2208 950 5.201
1787276703 82.2 82.2 82.2 84.1 2208 950 5.235
1787276704 83.2 83.2 82.2 84.1 2208 950 5.220
1787276705 83.2 83.2 83.2 84.1 2208 950 5.259
1787276707 83.2 83.2 82.2 85.0 2208 950 5.182
1787276708 83.2 84.1 82.2 85.0 2208 950 5.196
1787276709 84.1 84.1 83.2 85.0 2208 950 5.225
1787276710 84.1 84.1 83.2 85.0 2208 950 5.201
1787276711 83.2 84.1 83.2 85.0 2208 950 5.201
1787276712 84.1 84.1 82.2 84.1 2208 950 5.186
1787276713 84.1 84.1 83.2 85.0 2016 950 5.201
1787276715 84.1 85.0 84.1 85.0 2016 950 5.235
1787276716 84.1 85.0 83.2 85.0 2016 950 5.215
1787276717 84.1 84.1 83.2 85.0 2016 950 5.220
1787276718 84.1 85.0 83.2 85.9 2016 950 5.220
1787276719 84.1 85.0 84.1 85.0 2016 950 5.220
1787276720 83.2 83.2 83.2 84.1 2208 950 5.215
1787276721 84.1 85.0 84.1 85.9 2016 950 5.201
1787276722 84.1 85.0 84.1 85.9 2016 950 5.186
1787276724 85.0 85.0 84.1 85.9 2016 950 5.235
1787276725 84.1 85.0 84.1 85.0 2016 950 5.206
1787276726 84.1 85.0 84.1 85.0 2016 950 5.206
1787276727 85.0 85.9 84.1 85.9 2016 950 5.182
1787276728 85.0 85.0 84.1 85.9 2016 950 5.215
1787276729 79.5 78.5 78.5 79.5 2208 950 5.278
1787276730 76.7 75.8 75.8 76.7 2208 950 5.240
1787276731 74.8 74.8 73.9 75.8 2208 950 5.225
1787276733 74.8 73.9 73.9 74.8 2208 950 5.288
1787276734 73.9 73.0 73.0 73.9 2208 950 5.249
1787276735 73.0 72.1 72.1 73.0 2208 950 5.278
1787276736 72.1 72.1 71.2 73.0 2208 950 5.230
1787276737 72.1 71.2 71.2 72.1 2208 950 5.264
1787276738 71.2 71.2 70.2 71.2 2208 950 5.220
1787276739 71.2 70.2 70.2 71.2 2208 950 5.307
1787276740 70.2 70.2 69.3 71.2 2208 950 5.298
1787276741 70.2 69.3 69.3 70.2 2208 950 5.269
1787276742 70.2 69.3 69.3 70.2 2208 950 5.254
1787276743 69.3 69.3 68.4 69.3 2208 950 5.283
1787276744 69.3 68.4 68.4 69.3 2208 950 5.235
1787276745 69.3 68.4 68.4 69.3 2208 950 5.302
1787276746 68.4 68.4 67.5 69.3 2208 950 5.293
1787276748 68.4 68.4 67.5 68.4 2208 950 5.230
1787276749 68.4 67.5 67.5 68.4 2208 950 5.240
1787276750 68.4 67.5 67.5 67.5 2208 950 5.254
1787276751 67.5 67.5 66.5 67.5 2208 950 5.293
1787276752 67.5 67.5 66.5 67.5 2208 950 5.312
1787276753 67.5 66.5 66.5 67.5 2208 950 5.293
1787276754 67.5 66.5 66.5 67.5 2208 950 5.278
1787276755 69.3 70.2 69.3 72.1 2208 950 5.196
1787276756 73.0 73.0 73.0 73.0 2208 950 5.244
1787276757 69.3 68.4 67.5 69.3 2208 950 5.225
1787276758 69.3 69.3 69.3 70.2 2208 950 5.302
1787276759 69.3 70.2 69.3 71.2 2208 950 5.259
1787276761 70.2 69.3 69.3 70.2 2208 950 5.240
1787276762 71.2 70.2 70.2 71.2 2208 950 5.302
1787276763 71.2 72.1 71.2 73.0 2208 950 5.235
1787276764 72.1 71.2 71.2 72.1 2208 950 5.235
1787276765 68.4 68.4 67.5 68.4 2208 950 5.327
1787276766 67.5 67.5 66.5 67.5 2208 950 5.259
1787276767 69.3 69.3 69.3 70.2 2208 950 5.307
1787276768 74.8 75.8 73.9 75.8 2208 950 5.182
1787276769 69.3 69.3 68.4 69.3 2208 950 5.264
1787276770 69.3 70.2 69.3 72.1 2208 950 5.196
1787276771 74.8 74.8 73.9 75.8 2208 950 5.240
1787276773 71.2 72.1 71.2 73.0 2208 950 5.186
1787276774 75.8 76.7 75.8 77.6 2208 950 5.220
1787276775 72.1 71.2 71.2 72.1 2208 950 5.269
1787276776 74.8 75.8 74.8 76.7 2208 950 5.201
1787276777 71.2 70.2 70.2 72.1 2208 950 5.225
1787276778 71.2 70.2 70.2 71.2 2208 950 5.254
1787276779 74.8 73.9 73.9 74.8 2208 950 5.249
1787276780 73.9 73.0 73.9 73.9 2208 950 5.230
1787276781 70.2 69.3 68.4 70.2 2208 950 5.235
1787276782 72.1 72.1 71.2 73.0 2208 950 5.206
1787276783 76.7 76.7 75.8 77.6 2208 950 5.230
1787276785 73.0 73.0 72.1 73.9 2208 950 5.269
1787276786 70.2 70.2 69.3 70.2 2208 950 5.264
1787276787 69.3 68.4 68.4 69.3 2208 950 5.307
1787276788 75.8 75.8 74.8 76.7 2208 950 5.196
1787276789 70.2 70.2 69.3 70.2 2208 950 5.254
1787276790 69.3 69.3 68.4 69.3 2208 950 5.288
1787276791 68.4 68.4 67.5 68.4 2208 950 5.254
1787276792 74.8 74.8 73.9 75.8 2208 950 5.182
1787276793 73.9 73.0 73.0 73.9 2208 950 5.264
1787276794 73.0 73.9 73.0 74.8 2208 950 5.206
1787276795 75.8 75.8 74.8 76.7 2208 950 5.186
1787276797 73.0 73.0 73.0 73.9 2208 950 5.273
1787276798 70.2 69.3 69.3 70.2 2208 950 5.264
1787276799 71.2 71.2 70.2 72.1 2208 950 5.264
1787276800 71.2 70.2 70.2 71.2 2208 950 5.302
1787276801 69.3 68.4 68.4 69.3 2208 950 5.235
1787276802 74.8 75.8 73.9 76.7 2208 950 5.211
1787276803 70.2 70.2 69.3 71.2 2208 950 5.288
1787276804 69.3 68.4 68.4 69.3 2208 950 5.288
1787276805 74.8 75.8 73.9 76.7 2208 950 5.215
1787276806 75.8 76.7 75.8 76.7 2208 950 5.269
1787276807 70.2 69.3 69.3 70.2 2208 950 5.259
1787276809 71.2 70.2 70.2 72.1 2208 950 5.215
1787276810 75.8 76.7 75.8 76.7 2208 950 5.225
1787276811 71.2 70.2 70.2 71.2 2208 950 5.307
1787276812 69.3 68.4 68.4 69.3 2208 950 5.278
1787276813 68.4 68.4 67.5 68.4 2208 950 5.302
1787276814 73.9 74.8 73.9 75.8 2208 950 5.196
1787276815 69.3 69.3 68.4 69.3 2208 950 5.293
1787276816 68.4 67.5 67.5 68.4 2208 950 5.307
1787276817 73.9 74.8 73.9 74.8 2208 950 5.244
1787276818 74.8 75.8 74.8 76.7 2208 950 5.244
1787276819 69.3 69.3 68.4 69.3 2208 950 5.302
1787276821 68.4 68.4 67.5 69.3 2208 950 5.254
1787276822 73.9 73.9 73.0 74.8 2208 950 5.220
1787276823 69.3 69.3 68.4 69.3 2208 950 5.312
1787276824 68.4 67.5 67.5 68.4 2208 950 5.293
1787276825 67.5 67.5 66.5 67.5 2208 950 5.220
1787276826 73.9 73.9 73.0 74.8 2208 950 5.211
1787276827 73.0 72.1 72.1 73.0 2208 950 5.225
1787276828 69.3 68.4 68.4 68.4 2208 950 5.249
1787276829 68.4 67.5 67.5 68.4 2208 950 5.283
1787276830 67.5 66.5 66.5 67.5 2208 950 5.293
1787276831 66.5 66.5 66.5 67.5 2208 950 5.215
1787276832 66.5 66.5 65.6 66.5 2208 950 5.317
1787276833 66.5 66.5 65.6 66.5 2208 950 5.298
1787276835 66.5 65.6 65.6 66.5 2208 950 5.235
1787276836 66.5 65.6 64.7 66.5 2208 950 5.264
1787276837 65.6 65.6 64.7 66.5 2208 950 5.293
1787276838 65.6 65.6 64.7 66.5 2208 950 5.273
1787276839 65.6 64.7 64.7 65.6 2208 950 5.264
1787276840 65.6 64.7 64.7 65.6 2208 950 5.307
1787276841 64.7 64.7 64.7 65.6 2208 950 5.307
1787276842 64.7 64.7 63.8 64.7 2208 950 5.244
1787276843 64.7 64.7 63.8 64.7 2208 950 5.269
1787276844 64.7 63.8 63.8 64.7 2208 950 5.259
1787276845 64.7 63.8 62.8 63.8 2208 950 5.293
1787276846 64.7 63.8 63.8 64.7 2208 950 5.317
1787276847 64.7 63.8 62.8 64.7 2208 950 5.264
1787276848 63.8 62.8 62.8 64.7 2208 950 5.264
1787276849 63.8 62.8 62.8 63.8 2208 950 5.240
1787276851 63.8 62.8 62.8 63.8 2208 950 5.249
1787276852 63.8 62.8 62.8 64.7 2208 950 5.273
1787276853 68.4 68.4 67.5 68.4 2208 950 5.240
1787276854 69.3 69.3 68.4 69.3 2208 950 5.182
1787276855 69.3 70.2 69.3 70.2 2208 950 5.235
1787276856 70.2 70.2 69.3 70.2 2208 950 5.211
1787276857 70.2 71.2 70.2 71.2 2208 950 5.244
1787276858 70.2 71.2 70.2 71.2 2208 950 5.220
1787276859 71.2 72.1 71.2 72.1 2208 950 5.235
1787276860 72.1 72.1 71.2 72.1 2208 950 5.264
1787276861 72.1 72.1 71.2 72.1 2208 950 5.254
1787276862 70.2 70.2 70.2 70.2 2208 950 5.269
1787276863 67.5 67.5 66.5 67.5 2208 950 5.215
1787276864 66.5 66.5 65.6 66.5 2208 950 5.244
1787276866 73.0 73.0 72.1 73.9 2208 950 5.249
1787276867 73.9 74.8 73.9 75.8 2208 950 5.220
1787276868 75.8 76.7 74.8 76.7 2208 950 5.259
1787276869 75.8 76.7 75.8 77.6 2208 950 5.220
1787276870 76.7 77.6 75.8 77.6 2208 950 5.249
1787276871 76.7 76.7 75.8 77.6 2208 950 5.191
1787276872 77.6 77.6 76.7 78.5 2208 950 5.230
1787276874 78.5 78.5 77.6 79.5 2208 950 5.249
1787276875 78.5 78.5 77.6 79.5 2208 950 5.230
1787276876 78.5 78.5 77.6 79.5 2208 950 5.211
1787276877 78.5 79.5 77.6 80.4 2208 950 5.196
1787276878 79.5 80.4 78.5 81.3 2208 950 5.244
1787276879 79.5 80.4 78.5 80.4 2208 950 5.206
1787276880 79.5 80.4 78.5 80.4 2208 950 5.240
1787276881 79.5 80.4 78.5 81.3 2208 950 5.206
1787276883 80.4 80.4 79.5 81.3 2208 950 5.240
1787276884 80.4 80.4 79.5 81.3 2208 950 5.264
1787276885 80.4 80.4 79.5 81.3 2208 950 5.206
1787276886 81.3 81.3 80.4 82.2 2208 950 5.206
1787276887 81.3 81.3 80.4 82.2 2208 950 5.206
1787276888 81.3 81.3 80.4 82.2 2208 950 5.215
1787276889 80.4 81.3 80.4 82.2 2208 950 5.201
1787276890 81.3 81.3 80.4 81.3 2208 950 5.215
1787276892 81.3 82.2 80.4 82.2 2208 950 5.201
1787276893 81.3 82.2 81.3 83.2 2208 950 5.186
1787276894 82.2 82.2 81.3 83.2 2208 950 5.273
1787276895 81.3 82.2 81.3 83.2 2208 950 5.225
1787276896 82.2 82.2 81.3 84.1 2208 950 5.225
1787276897 83.2 83.2 82.2 84.1 2208 950 5.186
1787276898 82.2 83.2 82.2 84.1 2208 950 5.220
1787276900 83.2 83.2 82.2 84.1 2208 950 5.220
1787276901 82.2 83.2 81.3 83.2 2208 950 5.225
1787276902 82.2 83.2 82.2 84.1 2208 950 5.230
1787276903 83.2 83.2 82.2 84.1 2208 950 5.182
1787276904 83.2 84.1 82.2 84.1 2208 950 5.244
1787276905 83.2 84.1 82.2 85.0 2208 950 5.225
1787276906 84.1 84.1 83.2 84.1 2208 950 5.186
1787276908 83.2 83.2 82.2 85.0 2208 950 5.220
1787276909 83.2 84.1 83.2 84.1 2208 950 5.196
1787276910 84.1 84.1 83.2 85.0 2208 950 5.196
1787276911 84.1 84.1 83.2 85.0 2016 950 5.162
1787276912 83.2 84.1 83.2 85.0 2208 950 5.259
1787276913 84.1 84.1 83.2 85.0 2208 950 5.230
1787276914 84.1 85.0 84.1 85.9 2016 950 5.172
1787276915 84.1 85.0 83.2 85.9 2016 950 5.172
1787276917 84.1 84.1 84.1 85.0 2208 950 5.211
1787276918 84.1 85.0 83.2 85.9 2208 950 5.201
1787276919 84.1 84.1 83.2 85.0 2016 950 5.240
1787276920 85.0 85.0 84.1 85.9 2016 950 5.172
1787276921 85.0 85.0 84.1 85.9 2016 950 5.220
1787276922 84.1 85.9 84.1 85.9 2016 950 5.220
1787276923 85.0 85.0 84.1 85.9 2016 950 5.293
1787276925 85.0 85.9 84.1 85.9 2016 950 5.215
1787276926 80.4 80.4 79.5 80.4 2208 950 5.278
1787276927 77.6 76.7 76.7 77.6 2208 950 5.298
1787276928 75.8 75.8 74.8 75.8 2208 950 5.288
1787276929 74.8 74.8 74.8 74.8 2208 950 5.288
1787276930 73.9 73.9 73.0 74.8 2208 950 5.211
1787276931 73.9 73.0 73.0 73.9 2208 950 5.302
1787276932 73.0 72.1 72.1 73.0 2208 950 5.293
1787276933 73.0 72.1 72.1 73.0 2208 950 5.293
1787276934 72.1 71.2 71.2 72.1 2208 950 5.322
1787276935 71.2 71.2 70.2 72.1 2208 950 5.312
1787276936 71.2 71.2 70.2 71.2 2208 950 5.293
1787276937 71.2 70.2 70.2 71.2 2208 950 5.317
1787276939 70.2 70.2 69.3 71.2 2208 950 5.322
1787276940 70.2 69.3 69.3 70.2 2208 950 5.307
1787276941 70.2 69.3 69.3 70.2 2208 950 5.302
1787276942 69.3 69.3 68.4 69.3 2208 950 5.254
1787276943 69.3 68.4 68.4 69.3 2208 950 5.230
1787276944 69.3 68.4 68.4 69.3 2208 950 5.302
1787276945 68.4 68.4 68.4 69.3 2208 950 5.249
1787276946 68.4 68.4 67.5 69.3 2208 950 5.307
1787276947 68.4 67.5 67.5 68.4 2208 950 5.259
1787276948 68.4 67.5 67.5 68.4 2208 950 5.283
1787276949 68.4 67.5 66.5 68.4 2208 950 5.244
1787276950 67.5 67.5 66.5 68.4 2208 950 5.273
1787276951 67.5 66.5 66.5 67.5 2208 950 5.288
1787276952 67.5 66.5 66.5 66.5 2208 950 5.244
1787276953 72.1 72.1 72.1 73.9 2208 950 5.259
1787276955 69.3 68.4 68.4 69.3 2208 950 5.225
1787276956 69.3 68.4 68.4 69.3 2208 950 5.225
1787276957 73.9 74.8 73.0 75.8 2208 950 5.225
1787276958 71.2 70.2 69.3 72.1 2208 950 5.240
1787276959 74.8 75.8 73.9 75.8 2208 950 5.182
1787276960 70.2 70.2 69.3 70.2 2208 950 5.293
1787276961 69.3 68.4 68.4 69.3 2208 950 5.259
1787276962 68.4 68.4 67.5 68.4 2208 950 5.254
1787276963 71.2 71.2 70.2 72.1 2208 950 5.259
1787276965 70.2 70.2 69.3 71.2 2208 950 5.235
1787276966 75.8 76.7 74.8 77.6 2208 950 5.177
1787276967 70.2 69.3 69.3 70.2 2208 950 5.312
1787276968 72.1 72.1 71.2 73.0 2208 950 5.269
1787276969 69.3 69.3 68.4 69.3 2208 950 5.307
1787276970 68.4 68.4 67.5 68.4 2208 950 5.264
1787276971 73.9 74.8 73.0 74.8 2208 950 5.249
1787276972 69.3 68.4 67.5 69.3 2208 950 5.278
1787276973 68.4 67.5 66.5 68.4 2208 950 5.240
1787276974 67.5 66.5 66.5 67.5 2208 950 5.273
1787276975 73.9 73.9 73.0 74.8 2208 950 5.235
1787276976 69.3 69.3 68.4 69.3 2208 950 5.288
1787276978 68.4 67.5 67.5 68.4 2208 950 5.288
1787276979 73.9 73.9 73.0 74.8 2208 950 5.206
1787276980 72.1 71.2 71.2 72.1 2208 950 5.249
1787276981 69.3 68.4 68.4 69.3 2208 950 5.259
1787276982 67.5 67.5 66.5 68.4 2208 950 5.235
1787276983 73.0 73.9 73.0 74.8 2208 950 5.235
1787276984 70.2 69.3 69.3 69.3 2208 950 5.259
1787276985 68.4 67.5 67.5 68.4 2208 950 5.240
1787276986 71.2 72.1 71.2 73.0 2208 950 5.235
1787276987 72.1 73.0 72.1 74.8 2208 950 5.264
1787276989 69.3 69.3 68.4 69.3 2208 950 5.273
1787276990 67.5 67.5 66.5 68.4 2208 950 5.298
1787276991 74.8 75.8 73.9 75.8 2208 950 5.259
1787276992 73.9 74.8 73.9 75.8 2208 950 5.264
1787276993 74.8 73.9 73.0 73.9 2208 950 5.254
1787276994 75.8 75.8 74.8 76.7 2208 950 5.206
1787276995 77.6 78.5 76.7 79.5 2208 950 5.182
1787276996 73.9 73.0 73.0 73.9 2208 950 5.235
1787276997 70.2 70.2 69.3 70.2 2208 950 5.307
1787276998 75.8 76.7 74.8 76.7 2208 950 5.220
1787276999 74.8 74.8 73.9 74.8 2208 950 5.235
1787277001 75.8 75.8 74.8 75.8 2208 950 5.278
1787277002 76.7 77.6 76.7 78.5 2208 950 5.191
1787277003 71.2 71.2 70.2 71.2 2208 950 5.293
1787277004 72.1 73.0 72.1 74.8 2208 950 5.235
1787277005 77.6 77.6 76.7 78.5 2208 950 5.211
1787277006 73.0 72.1 72.1 73.0 2208 950 5.288
1787277007 72.1 73.0 72.1 74.8 2208 950 5.196
1787277008 73.0 72.1 71.2 72.1 2208 950 5.302
1787277009 70.2 69.3 69.3 70.2 2208 950 5.293
1787277010 71.2 70.2 69.3 71.2 2208 950 5.240
1787277012 71.2 71.2 71.2 71.2 2208 950 5.264
1787277013 70.2 69.3 69.3 70.2 2208 950 5.240
1787277014 69.3 68.4 68.4 69.3 2208 950 5.254
1787277015 75.8 76.7 74.8 76.7 2208 950 5.225
1787277016 70.2 71.2 69.3 71.2 2208 950 5.249
1787277017 73.9 74.8 73.9 75.8 2208 950 5.230
1787277018 73.0 72.1 72.1 73.0 2208 950 5.269
1787277019 69.3 69.3 68.4 69.3 2208 950 5.244
1787277020 75.8 75.8 74.8 76.7 2208 950 5.220
1787277022 71.2 70.2 70.2 71.2 2208 950 5.302
1787277023 69.3 69.3 68.4 69.3 2208 950 5.220
1787277024 73.9 74.8 73.9 74.8 2208 950 5.244
1787277025 69.3 69.3 68.4 70.2 2208 950 5.278
1787277026 68.4 68.4 67.5 68.4 2208 950 5.244
1787277027 68.4 67.5 67.5 68.4 2208 950 5.283
1787277028 67.5 66.5 66.5 67.5 2208 950 5.240
1787277029 66.5 66.5 65.6 66.5 2208 950 5.254
1787277030 66.5 65.6 65.6 66.5 2208 950 5.249
1787277031 66.5 65.6 65.6 66.5 2208 950 5.302
1787277032 65.6 65.6 64.7 65.6 2208 950 5.302
1787277033 65.6 64.7 64.7 65.6 2208 950 5.259
1787277034 65.6 64.7 63.8 65.6 2208 950 5.259
1787277036 65.6 64.7 63.8 65.6 2208 950 5.244
1787277037 64.7 64.7 63.8 64.7 2208 950 5.327
1787277038 64.7 63.8 63.8 64.7 2208 950 5.254
1787277039 64.7 63.8 63.8 64.7 2208 950 5.259
1787277040 63.8 63.8 62.8 64.7 2208 950 5.259
1787277041 63.8 63.8 62.8 63.8 2208 950 5.254
1787277042 63.8 62.8 62.8 63.8 2208 950 5.307
1787277043 63.8 62.8 62.8 63.8 2208 950 5.278
1787277044 63.8 62.8 62.8 63.8 2208 950 5.322
1787277045 62.8 62.8 61.9 63.8 2208 950 5.307
1787277046 62.8 62.8 61.9 63.8 2208 950 5.235
1787277047 62.8 62.8 61.9 62.8 2208 950 5.283
1787277048 62.8 62.8 61.9 62.8 2208 950 5.283
1787277049 67.5 67.5 66.5 67.5 2208 950 5.298
1787277050 69.3 69.3 68.4 71.2 2208 950 5.206
1787277052 69.3 68.4 68.4 69.3 2208 950 5.298
1787277053 65.6 64.7 64.7 65.6 2208 950 5.322
1787277054 66.5 66.5 65.6 66.5 2208 950 5.278
1787277055 69.3 69.3 68.4 69.3 2208 950 5.240
1787277056 66.5 66.5 65.6 66.5 2208 950 5.317
1787277057 65.6 64.7 63.8 65.6 2208 950 5.307
1787277058 65.6 65.6 64.7 65.6 2208 950 5.283
1787277059 65.6 64.7 64.7 65.6 2208 950 5.273
1787277060 64.7 64.7 63.8 64.7 2208 950 5.254
1787277061 64.7 63.8 62.8 64.7 2208 950 5.312
1787277062 67.5 66.5 66.5 66.5 2208 950 5.293
1787277063 71.2 72.1 71.2 73.0 2208 950 5.244
1787277065 66.5 65.6 65.6 66.5 2208 950 5.298
1787277066 67.5 67.5 65.6 68.4 2208 950 5.211
1787277067 73.0 73.0 72.1 73.9 2208 950 5.230
1787277068 69.3 69.3 69.3 69.3 2208 950 5.278
1787277069 69.3 69.3 68.4 71.2 2208 950 5.240
1787277070 68.4 67.5 67.5 68.4 2208 950 5.264
1787277071 66.5 65.6 65.6 66.5 2208 950 5.302
1787277072 73.0 73.0 72.1 73.9 2208 950 5.230
1787277073 67.5 67.5 66.5 67.5 2208 950 5.312
1787277074 66.5 66.5 65.6 66.5 2208 950 5.298
1787277075 72.1 73.0 71.2 73.0 2208 950 5.196
1787277077 68.4 68.4 67.5 68.4 2208 950 5.307
1787277078 66.5 66.5 65.6 66.5 2208 950 5.278
1787277079 67.5 69.3 67.5 71.2 2208 950 5.235
1787277080 73.9 74.8 73.0 75.8 2208 950 5.206
1787277081 74.8 74.8 73.9 75.8 2208 950 5.264
1787277082 73.9 74.8 73.9 74.8 2208 950 5.283
1787277083 68.4 67.5 67.5 68.4 2208 950 5.273
1787277084 73.0 73.0 72.1 73.0 2208 950 5.278
1787277085 73.9 74.8 73.9 75.8 2208 950 5.196
1787277087 69.3 68.4 67.5 69.3 2208 950 5.225
1787277088 69.3 69.3 68.4 70.2 2208 950 5.235
1787277089 70.2 70.2 69.3 70.2 2208 950 5.312
1787277090 67.5 67.5 66.5 68.4 2208 950 5.298
1787277091 68.4 69.3 68.4 70.2 2208 950 5.220
1787277092 73.9 73.9 73.0 74.8 2208 950 5.177
1787277093 69.3 68.4 68.4 69.3 2208 950 5.322
1787277094 67.5 67.5 66.5 67.5 2208 950 5.293
1787277095 66.5 66.5 65.6 66.5 2208 950 5.249
1787277096 67.5 67.5 66.5 67.5 2208 950 5.298
1787277097 68.4 67.5 66.5 67.5 2208 950 5.307
1787277099 70.2 69.3 69.3 70.2 2208 950 5.235
1787277100 73.9 73.9 73.0 73.9 2208 950 5.196
1787277101 74.8 74.8 73.9 75.8 2208 950 5.215
1787277102 71.2 71.2 70.2 71.2 2208 950 5.293
1787277103 68.4 67.5 67.5 68.4 2208 950 5.269
1787277104 67.5 66.5 66.5 67.5 2208 950 5.283
1787277105 66.5 65.6 65.6 66.5 2208 950 5.273
1787277106 70.2 69.3 69.3 70.2 2208 950 5.312
1787277107 67.5 66.5 66.5 67.5 2208 950 5.264
1787277108 66.5 65.6 65.6 66.5 2208 950 5.230
1787277109 71.2 71.2 70.2 72.1 2208 950 5.244
1787277110 68.4 67.5 67.5 67.5 2208 950 5.249
1787277111 66.5 66.5 65.6 66.5 2208 950 5.293
1787277113 71.2 71.2 70.2 72.1 2208 950 5.240
1787277114 68.4 67.5 66.5 67.5 2208 950 5.235
1787277115 66.5 66.5 65.6 66.5 2208 950 5.259
1787277116 65.6 65.6 64.7 65.6 2208 950 5.220
1787277117 71.2 71.2 70.2 72.1 2208 950 5.220
1787277118 71.2 71.2 70.2 71.2 2208 950 5.307
1787277119 67.5 66.5 66.5 67.5 2208 950 5.235
1787277120 71.2 72.1 71.2 73.0 2208 950 5.215
1787277121 73.0 74.8 73.0 74.8 2208 950 5.235
1787277122 69.3 69.3 68.4 69.3 2208 950 5.327
1787277123 67.5 67.5 66.5 67.5 2208 950 5.249
1787277125 66.5 66.5 65.6 66.5 2208 950 5.249
1787277126 66.5 65.6 65.6 67.5 2208 950 5.269
1787277127 65.6 65.6 64.7 65.6 2208 950 5.283
1787277128 65.6 64.7 64.7 65.6 2208 950 5.317
1787277129 64.7 64.7 63.8 65.6 2208 950 5.288
1787277130 64.7 64.7 63.8 64.7 2208 950 5.264
1787277131 64.7 63.8 63.8 64.7 2208 950 5.302
1787277132 64.7 63.8 63.8 63.8 2208 950 5.259
1787277133 63.8 63.8 62.8 63.8 2208 950 5.235
1787277134 63.8 62.8 62.8 64.7 2208 950 5.244
1787277135 63.8 63.8 62.8 63.8 2208 950 5.240
1787277136 63.8 63.8 62.8 63.8 2208 950 5.264
1787277137 63.8 62.8 61.9 63.8 2208 950 5.317
1787277138 63.8 62.8 62.8 62.8 2208 950 5.298
1787277140 63.8 62.8 62.8 63.8 2208 950 5.288
1787277141 62.8 62.8 61.9 62.8 2208 950 5.317
1787277142 62.8 62.8 61.9 63.8 2208 950 5.235
1787277143 62.8 62.8 61.9 62.8 2208 950 5.264
1787277144 62.8 61.9 61.9 62.8 2208 950 5.278
1787277145 62.8 61.9 61.9 62.8 2208 950 5.283
1787277146 62.8 61.9 61.9 62.8 2208 950 5.269
1787277147 62.8 61.9 61.0 62.8 2208 950 5.298
1787277148 62.8 61.9 61.9 61.9 2208 950 5.259
1787277149 61.9 61.9 61.0 62.8 2208 950 5.244
1787277150 65.6 66.5 65.6 67.5 2208 950 5.177
1787277151 66.5 67.5 65.6 67.5 2208 950 5.244
1787277152 64.7 63.8 63.8 64.7 2208 950 5.249
1787277153 67.5 66.5 66.5 67.5 2208 950 5.293
1787277155 64.7 64.7 62.8 64.7 2208 950 5.283
1787277156 68.4 69.3 68.4 70.2 2208 950 5.211
1787277157 69.3 70.2 68.4 70.2 2208 950 5.225
1787277158 66.5 66.5 66.5 66.5 2208 950 5.254
1787277159 64.7 64.7 63.8 65.6 2208 950 5.307
1787277160 64.7 64.7 63.8 64.7 2208 950 5.259
1787277161 71.2 71.2 70.2 71.2 2208 950 5.244
1787277162 66.5 65.6 64.7 66.5 2208 950 5.254
1787277163 64.7 64.7 63.8 64.7 2208 950 5.235
1787277164 70.2 71.2 69.3 72.1 2208 950 5.211
1787277165 73.0 73.9 72.1 73.9 2208 950 5.249
1787277167 66.5 66.5 65.6 66.5 2208 950 5.283
1787277168 69.3 69.3 68.4 70.2 2208 950 5.254
1787277169 67.5 67.5 66.5 68.4 2208 950 5.283
1787277170 65.6 65.6 64.7 66.5 2208 950 5.307
1787277171 68.4 69.3 68.4 70.2 2208 950 5.235
1787277172 73.0 73.0 72.1 73.9 2208 950 5.225
1787277173 73.9 73.9 73.0 74.8 2208 950 5.215
1787277174 67.5 67.5 66.5 67.5 2208 950 5.273
1787277175 67.5 68.4 67.5 68.4 2208 950 5.230
1787277177 73.0 73.0 72.1 74.8 2208 950 5.182
1787277178 71.2 71.2 70.2 71.2 2208 950 5.211
1787277179 73.9 73.9 73.0 74.8 2208 950 5.230
1787277180 71.2 70.2 70.2 71.2 2208 950 5.240
1787277181 72.1 73.0 72.1 73.9 2208 950 5.201
1787277182 74.8 75.8 73.9 75.8 2208 950 5.225
1787277183 69.3 68.4 68.4 69.3 2208 950 5.244
1787277184 69.3 69.3 68.4 69.3 2208 950 5.206
1787277185 73.9 74.8 73.0 74.8 2208 950 5.186
1787277186 68.4 68.4 67.5 68.4 2208 950 5.235
1787277187 67.5 66.5 65.6 68.4 2208 950 5.293
1787277189 66.5 66.5 65.6 68.4 2208 950 5.259
1787277190 73.0 73.9 72.1 73.9 2208 950 5.182
1787277191 74.8 73.9 73.0 74.8 2208 950 5.230
1787277192 69.3 68.4 68.4 68.4 2208 950 5.249
1787277193 67.5 66.5 65.6 67.5 2208 950 5.302
1787277194 66.5 65.6 65.6 66.5 2208 950 5.254
1787277195 66.5 65.6 64.7 66.5 2208 950 5.244
1787277196 66.5 65.6 65.6 66.5 2208 950 5.259
1787277197 68.4 67.5 67.5 68.4 2208 950 5.288
1787277198 73.0 73.0 72.1 73.0 2208 950 5.235
1787277199 74.8 74.8 73.9 76.7 2208 950 5.186
1787277201 73.0 73.0 72.1 74.8 2208 950 5.196
1787277202 68.4 68.4 67.5 70.2 2208 950 5.220
1787277203 73.9 74.8 73.0 74.8 2208 950 5.220
1787277204 70.2 69.3 69.3 70.2 2208 950 5.273
1787277205 72.1 73.0 72.1 73.9 2208 950 5.215
1787277206 74.8 74.8 73.9 74.8 2208 950 5.278
1787277207 68.4 68.4 67.5 69.3 2208 950 5.240
1787277208 73.9 74.8 73.0 74.8 2208 950 5.273
1787277209 74.8 74.8 73.9 74.8 2208 950 5.201
1787277211 71.2 70.2 70.2 71.2 2208 950 5.312
1787277212 69.3 71.2 69.3 72.1 2208 950 5.201
1787277213 72.1 72.1 71.2 72.1 2208 950 5.307
1787277214 68.4 68.4 68.4 69.3 2208 950 5.307
1787277215 74.8 74.8 73.9 76.7 2208 950 5.220
1787277216 71.2 71.2 70.2 71.2 2208 950 5.322
1787277217 68.4 68.4 67.5 69.3 2208 950 5.307
1787277218 71.2 72.1 71.2 73.0 2208 950 5.273
1787277219 73.9 74.8 73.0 74.8 2208 950 5.206
1787277220 69.3 69.3 68.4 69.3 2208 950 5.293
1787277222 68.4 67.5 67.5 68.4 2208 950 5.317
1787277223 67.5 66.5 66.5 68.4 2208 950 5.302
1787277224 66.5 66.5 65.6 66.5 2208 950 5.288
1787277225 66.5 65.6 64.7 66.5 2208 950 5.235
1787277226 66.5 65.6 64.7 65.6 2208 950 5.249
1787277227 65.6 64.7 64.7 65.6 2208 950 5.302
1787277228 65.6 64.7 64.7 65.6 2208 950 5.298
1787277229 64.7 64.7 63.8 64.7 2208 950 5.273
1787277230 64.7 64.7 63.8 64.7 2208 950 5.322
1787277231 64.7 63.8 63.8 64.7 2208 950 5.254
1787277232 64.7 63.8 62.8 64.7 2208 950 5.235
1787277233 63.8 63.8 62.8 63.8 2208 950 5.269
1787277234 63.8 62.8 62.8 63.8 2208 950 5.240
1787277235 63.8 63.8 62.8 63.8 2208 950 5.302
1787277236 63.8 62.8 62.8 63.8 2208 950 5.278
1787277238 62.8 62.8 62.8 63.8 2208 950 5.259
1787277239 63.8 62.8 61.9 62.8 2208 950 5.322
1787277240 62.8 62.8 61.9 62.8 2208 950 5.235
1787277241 62.8 62.8 61.9 62.8 2208 950 5.327
1787277242 62.8 61.9 61.9 62.8 2208 950 5.269
1787277243 62.8 61.9 61.9 62.8 2208 950 5.254
1787277244 62.8 61.9 61.0 61.9 2208 950 5.244
1787277245 61.9 61.9 61.9 62.8 2208 950 5.269
1787277246 61.9 61.9 61.0 62.8 2208 950 5.322
1787277247 63.8 63.8 62.8 64.7 2208 950 5.288
1787277248 62.8 62.8 61.9 62.8 2208 950 5.230
1787277249 70.2 70.2 69.3 72.1 2208 950 5.211
1787277251 65.6 64.7 64.7 65.6 2208 950 5.283
1787277252 64.7 64.7 63.8 64.7 2208 950 5.211
1787277253 68.4 69.3 68.4 69.3 2208 950 5.235
1787277254 70.2 71.2 69.3 71.2 2208 950 5.293
1787277255 65.6 64.7 64.7 65.6 2208 950 5.249
1787277256 70.2 70.2 69.3 72.1 2208 950 5.211
1787277257 68.4 68.4 67.5 68.4 2208 950 5.283
1787277258 65.6 65.6 64.7 66.5 2208 950 5.254
1787277259 66.5 66.5 65.6 67.5 2208 950 5.196
1787277260 66.5 66.5 65.6 66.5 2208 950 5.215
1787277262 71.2 71.2 70.2 72.1 2208 950 5.244
1787277263 70.2 70.2 69.3 70.2 2208 950 5.288
1787277264 69.3 69.3 68.4 70.2 2208 950 5.220
1787277265 72.1 73.0 71.2 73.0 2208 950 5.264
1787277266 67.5 66.5 66.5 67.5 2208 950 5.259
1787277267 65.6 65.6 64.7 65.6 2208 950 5.312
1787277268 71.2 72.1 70.2 72.1 2208 950 5.196
1787277269 66.5 66.5 65.6 66.5 2208 950 5.273
1787277270 65.6 65.6 64.7 65.6 2208 950 5.288
1787277271 66.5 67.5 66.5 68.4 2208 950 5.240
1787277272 70.2 71.2 69.3 72.1 2208 950 5.264
1787277274 69.3 70.2 69.3 72.1 2208 950 5.240
1787277275 71.2 71.2 70.2 72.1 2208 950 5.196
1787277276 68.4 68.4 67.5 68.4 2208 950 5.278
1787277277 66.5 66.5 65.6 66.5 2208 950 5.254
1787277278 71.2 71.2 70.2 72.1 2208 950 5.230
1787277279 68.4 69.3 68.4 71.2 2208 950 5.186
1787277280 66.5 66.5 65.6 66.5 2208 950 5.307
1787277281 70.2 70.2 69.3 70.2 2208 950 5.264
1787277282 66.5 65.6 64.7 65.6 2208 950 5.249
1787277283 67.5 68.4 66.5 68.4 2208 950 5.230
1787277285 69.3 69.3 68.4 70.2 2208 950 5.220
1787277286 68.4 68.4 68.4 68.4 2208 950 5.278
1787277287 66.5 65.6 64.7 66.5 2208 950 5.302
1787277288 66.5 66.5 65.6 68.4 2208 950 5.225
1787277289 67.5 67.5 66.5 68.4 2208 950 5.206
1787277290 67.5 66.5 66.5 67.5 2208 950 5.240
1787277291 73.0 73.0 72.1 73.9 2208 950 5.244
1787277292 71.2 72.1 71.2 73.0 2208 950 5.215
1787277294 67.5 67.5 66.5 68.4 2208 950 5.230
1787277295 68.4 68.4 67.5 68.4 2208 950 5.249
1787277296 69.3 69.3 68.4 69.3 2208 950 5.302
1787277297 66.5 66.5 65.6 66.5 2208 950 5.312
1787277298 72.1 72.1 71.2 73.9 2208 950 5.196
1787277299 67.5 67.5 66.5 67.5 2208 950 5.235
1787277300 66.5 65.6 65.6 66.5 2208 950 5.278
1787277301 65.6 65.6 64.7 65.6 2208 950 5.235
1787277302 64.7 64.7 63.8 64.7 2208 950 5.254
1787277303 72.1 73.0 71.2 73.0 2208 950 5.177
1787277304 66.5 65.6 65.6 66.5 2208 950 5.269
1787277306 65.6 64.7 63.8 64.7 2208 950 5.298
1787277307 64.7 63.8 63.8 64.7 2208 950 5.283
1787277308 69.3 70.2 69.3 70.2 2208 950 5.206
1787277309 68.4 68.4 68.4 69.3 2208 950 5.235
1787277310 73.0 73.9 72.1 73.9 2208 950 5.167
1787277311 67.5 66.5 65.6 66.5 2208 950 5.293
1787277312 65.6 64.7 64.7 65.6 2208 950 5.288
1787277313 71.2 72.1 70.2 73.0 2208 950 5.220
1787277314 66.5 66.5 65.6 66.5 2208 950 5.269
1787277315 65.6 65.6 64.7 65.6 2208 950 5.293
1787277316 64.7 63.8 63.8 64.7 2208 950 5.302
1787277318 68.4 67.5 67.5 68.4 2208 950 5.273
1787277319 73.0 73.9 73.0 74.8 2208 950 5.230
1787277320 70.2 69.3 69.3 70.2 2208 950 5.298
1787277321 66.5 66.5 65.6 66.5 2208 950 5.273
1787277322 66.5 65.6 65.6 66.5 2208 950 5.307
1787277323 65.6 64.7 63.8 65.6 2208 950 5.244
1787277324 64.7 64.7 63.8 65.6 2208 950 5.317
1787277325 64.7 64.7 62.8 64.7 2208 950 5.307
1787277326 63.8 63.8 62.8 64.7 2208 950 5.230
1787277327 63.8 62.8 62.8 64.7 2208 950 5.312
1787277328 63.8 62.8 62.8 63.8 2208 950 5.254
1787277329 63.8 62.8 61.9 63.8 2208 950 5.244
1787277330 62.8 62.8 61.9 62.8 2208 950 5.302
1787277331 62.8 62.8 61.9 63.8 2208 950 5.293
1787277333 62.8 61.9 61.9 62.8 2208 950 5.302
1787277334 62.8 61.9 61.0 62.8 2208 950 5.244
1787277335 61.9 61.9 61.0 61.9 2208 950 5.298
1787277336 61.9 61.9 61.0 62.8 2208 950 5.302
1787277337 61.9 61.9 61.0 61.9 2208 950 5.225
1787277338 61.9 61.0 61.0 61.9 2208 950 5.278
1787277339 61.9 61.0 61.0 61.9 2208 950 5.269
1787277340 61.9 61.0 61.0 61.9 2208 950 5.259
1787277341 61.9 61.0 61.0 61.0 2208 950 5.264
1787277342 61.0 61.0 60.1 61.0 2208 950 5.259
1787277343 61.0 61.0 60.1 61.0 2208 950 5.317
1787277344 61.0 61.0 60.1 61.0 2208 950 5.307
1787277345 63.8 64.7 62.8 64.7 2208 950 5.235
1787277346 65.6 66.5 65.6 66.5 2208 950 5.220
1787277348 66.5 67.5 66.5 67.5 2208 950 5.235
1787277349 67.5 68.4 66.5 68.4 2208 950 5.235
1787277350 68.4 69.3 67.5 69.3 2208 950 5.249
1787277351 67.5 67.5 67.5 68.4 2208 950 5.215
1787277352 68.4 68.4 67.5 69.3 2208 950 5.273
1787277353 69.3 70.2 68.4 69.3 2208 950 5.215
1787277354 69.3 70.2 68.4 69.3 2208 950 5.254
1787277355 69.3 69.3 68.4 69.3 2208 950 5.254
1787277356 65.6 64.7 64.7 65.6 2208 950 5.317
1787277357 64.7 64.7 63.8 64.7 2208 950 5.269
1787277358 68.4 68.4 68.4 68.4 2208 950 5.293
1787277359 71.2 72.1 70.2 72.1 2208 950 5.215
1787277360 72.1 72.1 71.2 73.0 2208 950 5.244
1787277362 73.0 73.9 73.0 74.8 2208 950 5.235
1787277363 73.9 74.8 73.0 74.8 2208 950 5.235
1787277364 74.8 74.8 73.9 75.8 2208 950 5.211
1787277365 74.8 75.8 74.8 76.7 2208 950 5.201
1787277366 75.8 76.7 75.8 77.6 2208 950 5.177
1787277367 75.8 76.7 75.8 77.6 2208 950 5.191
1787277369 75.8 76.7 75.8 77.6 2208 950 5.177
1787277370 75.8 76.7 75.8 77.6 2208 950 5.230
1787277371 76.7 77.6 75.8 77.6 2208 950 5.157
1787277372 76.7 76.7 75.8 77.6 2208 950 5.211
1787277373 76.7 76.7 75.8 77.6 2208 950 5.186
1787277374 77.6 78.5 76.7 79.5 2208 950 5.206
1787277375 77.6 78.5 77.6 79.5 2208 950 5.206
1787277377 78.5 78.5 77.6 79.5 2208 950 5.215
1787277378 78.5 79.5 77.6 80.4 2208 950 5.201
1787277379 78.5 79.5 77.6 80.4 2208 950 5.235
1787277380 79.5 79.5 78.5 81.3 2208 950 5.191
1787277381 79.5 79.5 78.5 80.4 2208 950 5.211
1787277382 78.5 78.5 77.6 78.5 2208 950 5.201
1787277383 79.5 80.4 78.5 81.3 2208 950 5.235
1787277385 79.5 80.4 78.5 80.4 2208 950 5.240
1787277386 79.5 80.4 78.5 80.4 2208 950 5.264
1787277387 79.5 80.4 79.5 81.3 2208 950 5.186
1787277388 79.5 80.4 79.5 81.3 2208 950 5.230
1787277389 80.4 80.4 79.5 82.2 2208 950 5.230
1787277390 80.4 81.3 79.5 82.2 2208 950 5.211
1787277391 80.4 80.4 79.5 82.2 2208 950 5.244
1787277393 81.3 81.3 80.4 82.2 2208 950 5.220
1787277394 80.4 81.3 80.4 82.2 2208 950 5.230
1787277395 81.3 81.3 80.4 82.2 2208 950 5.201
1787277396 81.3 82.2 81.3 82.2 2208 950 5.244
1787277397 81.3 82.2 80.4 83.2 2208 950 5.220
1787277398 81.3 82.2 80.4 82.2 2208 950 5.196
1787277399 81.3 82.2 81.3 83.2 2208 950 5.230
1787277401 81.3 82.2 80.4 82.2 2208 950 5.230
1787277402 81.3 82.2 81.3 84.1 2208 950 5.215
1787277403 82.2 83.2 81.3 84.1 2208 950 5.211
1787277404 82.2 83.2 82.2 84.1 2208 950 5.186
1787277405 83.2 83.2 82.2 84.1 2208 950 5.240
1787277406 83.2 84.1 82.2 84.1 2208 950 5.201
1787277407 83.2 83.2 82.2 84.1 2208 950 5.225
1787277409 83.2 84.1 82.2 84.1 2208 950 5.225
1787277410 83.2 83.2 82.2 83.2 2208 950 5.201
1787277411 82.2 82.2 81.3 83.2 2208 950 5.225
1787277412 83.2 84.1 83.2 85.0 2208 950 5.201
1787277413 83.2 83.2 82.2 84.1 2208 950 5.182
1787277414 83.2 84.1 82.2 85.0 2208 950 5.220
1787277415 83.2 84.1 83.2 85.0 2208 950 5.196
1787277416 83.2 84.1 83.2 85.0 2208 950 5.215
1787277418 83.2 84.1 83.2 85.0 2208 950 5.230
1787277419 78.5 77.6 77.6 79.5 2208 950 5.283
1787277420 75.8 74.8 74.8 76.7 2208 950 5.278
1787277421 73.9 73.9 73.0 73.9 2208 950 5.259
1787277422 73.9 73.0 73.0 73.9 2208 950 5.230
1787277423 73.0 72.1 72.1 73.0 2208 950 5.278
1787277424 72.1 71.2 71.2 72.1 2208 950 5.273
1787277425 71.2 71.2 70.2 72.1 2208 950 5.249
1787277426 71.2 70.2 70.2 71.2 2208 950 5.269
1787277427 70.2 70.2 69.3 70.2 2208 950 5.220
